,left_hip_pitch_joint,left_hip_roll_joint,left_hip_yaw_joint,left_knee_joint,left_ankle_pitch_joint,left_ankle_roll_joint,right_hip_pitch_joint,right_hip_roll_joint,right_hip_yaw_joint,right_knee_joint,right_ankle_pitch_joint,right_ankle_roll_joint,waist_yaw_joint,waist_roll_joint,waist_pitch_joint,head_pitch_joint,head_yaw_joint,head_roll_joint,left_shoulder_pitch_joint,left_shoulder_roll_joint,left_shoulder_yaw_joint,left_elbow_joint,left_wrist_roll_joint,left_wrist_pitch_joint,left_wrist_yaw_joint,right_shoulder_pitch_joint,right_shoulder_roll_joint,right_shoulder_yaw_joint,right_elbow_joint,right_wrist_roll_joint,right_wrist_pitch_joint,right_wrist_yaw_joint
0,0.0,0.0,0.0,0.0,0.0,0.0,0.0,0.0,0.0,0.0,0.0,0.0,0.0,0.0,0.0,0.0,0.0,0.0,0.05573405474045463,0.022613112148956883,0.757976317175329,1.4245164558397274,0.2739737869740727,-0.17528711963226448,-0.0670123812721948,0.010634621706092208,-0.006841181836421191,-1.409081550674162,1.340436282144022,-0.8763192218822591,-0.1951921923039355,0.24687600088234976
1,0.0,0.0,0.0,0.0,0.0,0.0,0.0,0.0,0.0,0.0,0.0,0.0,0.0,0.0,0.0,0.0,0.0,0.0,0.053369904047676685,0.009072239318371344,0.7896287677075745,1.3473127124290178,0.32527718386255366,-0.11379545547458429,-0.14924622650114006,0.023448315423537976,-0.0069110024925668045,-1.303548974131797,1.3338530786537364,-0.7506995453015564,-0.1832935385259926,0.22722305103510698
2,0.0,0.0,0.0,0.0,0.0,0.0,0.0,0.0,0.0,0.0,0.0,0.0,0.0,0.0,0.0,0.0,0.0,0.0,0.07097090955698244,-0.029580936624420087,0.8829286431164401,1.2666486527759202,0.39803448318174883,-0.08635064921129086,-0.1769030287870928,0.03285872742699072,-0.010351375915543883,-1.2271608628677464,1.3284814020548854,-0.6767615314125905,-0.17448414782800375,0.225020316658192
3,0.0,0.0,0.0,0.0,0.0,0.0,0.0,0.0,0.0,0.0,0.0,0.0,0.0,0.0,0.0,0.0,0.0,0.0,0.07457457039184237,-0.033647961293066284,0.9383960875017081,1.2872323161646204,0.4350468791344879,-0.17662679759408823,-0.17116462856861164,0.0357063274075822,-0.00994413963800168,-1.2045154691344728,1.3245087641021067,-0.6470418103915362,-0.16916900015056674,0.22309540625408536
4,0.0,0.0,0.0,0.0,0.0,0.0,0.0,0.0,0.0,0.0,0.0,0.0,0.0,0.0,0.0,0.0,0.0,0.0,0.0694953026742275,-0.03589896741094052,0.9923681919456843,1.302765080378547,0.515637801688043,-0.16428700837905313,-0.1963420265169895,0.037957151301057125,-0.011350235980494432,-1.1994527385644995,1.3215867118073252,-0.6250057542057612,-0.1655797943288647,0.22541091009104658
5,0.0,0.0,0.0,0.0,0.0,0.0,0.0,0.0,0.0,0.0,0.0,0.0,0.0,0.0,0.0,0.0,0.0,0.0,0.05891886558063295,-0.02778887493313878,1.041174076104137,1.3149844138637095,0.5408195490490997,-0.16221147495018096,-0.18676063724192826,0.038875238498729404,-0.009856863730536214,-1.1956549102511829,1.3187601285537953,-0.5988427298225154,-0.16384741483881124,0.22204328660742945
6,0.0,0.0,0.0,0.0,0.0,0.0,0.0,0.0,0.0,0.0,0.0,0.0,0.0,0.0,0.0,0.0,0.0,0.0,0.05439722767217583,-0.030094156055231927,1.0594851868371815,1.3239822165102793,0.6284461642428171,-0.1618363106358201,-0.20748772855671688,0.03876670526343634,-0.020778365077854435,-1.1954511820750136,1.3188597664042172,-0.6332334833944276,-0.16001928238866492,0.2468688769705659
7,0.0,0.0,0.0,0.0,0.0,0.0,0.0,0.0,0.0,0.0,0.0,0.0,0.0,0.0,0.0,0.0,0.0,0.0,0.0506694831711528,-0.02124925109569873,1.074328173895838,1.3317815786403258,0.6132852643193285,-0.16716583951323843,-0.19476019568981495,0.0387712426724324,-0.024426276373487373,-1.1916455421286554,1.3226197695285844,-0.6349098819697641,-0.16022732226970812,0.2383502641084129
8,0.0,0.0,0.0,0.0,0.0,0.0,0.0,0.0,0.0,0.0,0.0,0.0,0.0,0.0,0.0,0.0,0.0,0.0,0.04956790539381433,-0.030594812848078287,1.0990982046025577,1.319691302047039,0.5514852263333007,-0.1687710654279779,-0.1782656301447082,0.03972648519367639,-0.0068105677228432575,-1.1984011393818446,1.3037689576668345,-0.5719338130446151,-0.16211956116712195,0.21959018675927816
9,0.0,0.0,0.0,0.0,0.0,0.0,0.0,0.0,0.0,0.0,0.0,0.0,0.0,0.0,0.0,0.0,0.0,0.0,0.047720530266791406,0.00289852319157511,1.1339848212093453,1.3185842493967135,0.49207998069018855,-0.16916698241197087,-0.21449238121010938,0.041388519941964554,0.0008135352726235563,-1.2021189462695807,1.3012667445242583,-0.6069306520334841,-0.16046343163203092,0.22760304044235652
10,0.0,0.0,0.0,0.0,0.0,0.0,0.0,0.0,0.0,0.0,0.0,0.0,0.0,0.0,0.0,0.0,0.0,0.0,0.046248435754954124,0.012247471052817446,1.157490975610865,1.3102405452734454,0.453644835414995,-0.16638509114192143,-0.20468081465065383,0.040619969714077254,-0.003632239037394675,-1.2051916975773684,1.3068824419259297,-0.5999397521100092,-0.16198329374772485,0.22703089461368176
11,0.0,0.0,0.0,0.0,0.0,0.0,0.0,0.0,0.0,0.0,0.0,0.0,0.0,0.0,0.0,0.0,0.0,0.0,0.044672011846601974,0.03148317060435842,1.184402522895571,1.302494001162357,0.39331965558515286,-0.1670440436318259,-0.214042379428172,0.03981736678569601,-0.007368340823532034,-1.2043904102135246,1.3108186377541249,-0.604550109419998,-0.16177442327338948,0.22793509610559246
12,0.0,0.0,0.0,0.0,0.0,0.0,0.0,0.0,0.0,0.0,0.0,0.0,0.0,0.0,0.0,0.0,0.0,0.0,0.04340370580323483,0.05206445319557601,1.2135332920976099,1.2923959155769478,0.3434841712238793,-0.1679013493616991,-0.22726081123992897,0.039619174905751446,-0.006726195297381303,-1.2018272461206378,1.3125344731957522,-0.60308296309529,-0.16211702833181155,0.2254470277208052
13,0.0,0.0,0.0,0.0,0.0,0.0,0.0,0.0,0.0,0.0,0.0,0.0,0.0,0.0,0.0,0.0,0.0,0.0,0.04187956272335961,0.07432195738730508,1.2433304055128651,1.2828045413982596,0.2994278046812152,-0.168060700054753,-0.2432100410491506,0.03945062434789844,-0.009757485316824,-1.1989162434874783,1.3154212492673083,-0.6114516736889869,-0.1617430803393348,0.22792643173037536
14,0.0,0.0,0.0,0.0,0.0,0.0,0.0,0.0,0.0,0.0,0.0,0.0,0.0,0.0,0.0,0.0,0.0,0.0,0.03975012366917416,0.10148970151463042,1.2744019377631115,1.2739406422006545,0.2537241593705435,-0.1680692818242963,-0.2612413072837658,0.03915185080617192,-0.014345814055356046,-1.1957975817366773,1.3184895566150403,-0.6186993028628698,-0.1613769166450981,0.23075496157821146
15,0.0,0.0,0.0,0.0,0.0,0.0,0.0,0.0,0.0,0.0,0.0,0.0,0.0,0.0,0.0,0.0,0.0,0.0,0.03755526895065949,0.12864546302266433,1.3044205018542396,1.264255320857405,0.20583519576931197,-0.16847658522646386,-0.2785675766783428,0.039223707412688866,-0.014357662995055212,-1.1905516022064038,1.3205997153538813,-0.6221197315737781,-0.16145426021761577,0.22962670757352655
16,0.0,0.0,0.0,0.0,0.0,0.0,0.0,0.0,0.0,0.0,0.0,0.0,0.0,0.0,0.0,0.0,0.0,0.0,0.037537816358442604,0.12415146739875894,1.3218597195813417,1.2450800311521726,0.19059402919066032,-0.16738376576198422,-0.2844291649874333,0.039302187333656334,-0.017053302166557625,-1.1899159121051868,1.3196614679799998,-0.6053660671644171,-0.16156611604694565,0.22855490742797452
17,0.0,0.0,0.0,0.0,0.0,0.0,0.0,0.0,0.0,0.0,0.0,0.0,0.0,0.0,0.0,0.0,0.0,0.0,0.03393230696328125,0.16800546077529438,1.3567338420053323,1.2430059300667504,0.13474321079964574,-0.16973336608887996,-0.30788488958770277,0.0395769294462713,-0.01879035191436188,-1.1882711141959676,1.319724626958973,-0.6052910635061061,-0.1604453790623422,0.2305349221092238
18,0.0,0.0,0.0,0.0,0.0,0.0,0.0,0.0,0.0,0.0,0.0,0.0,0.0,0.0,0.0,0.0,0.0,0.0,0.030543051155979477,0.20651577886010428,1.385484339753653,1.2408970471450647,0.09514734355436238,-0.16560471772162563,-0.3287650313546513,0.039556172460374565,-0.023058677040038666,-1.1890825105397929,1.319215261415003,-0.5962338053536544,-0.16029816992668316,0.23227082369190588
19,0.0,0.0,0.0,0.0,0.0,0.0,0.0,0.0,0.0,0.0,0.0,0.0,0.0,0.0,0.0,0.0,0.0,0.0,0.02635971219103995,0.25574337996835056,1.4145312432864674,1.238520084679219,0.05691597601538924,-0.16011240226222756,-0.3510600231528939,0.03965376767607625,-0.02429978424698555,-1.1886719191150084,1.3188982770290854,-0.5948963176750314,-0.15936988963960577,0.2333870438878102
20,0.0,0.0,0.0,0.0,0.0,0.0,0.0,0.0,0.0,0.0,0.0,0.0,0.0,0.0,0.0,0.0,0.0,0.0,0.024026546916812868,0.2918381432670153,1.4354737165046365,1.2257801628427234,-0.008604695337488824,-0.16591960810449516,-0.3658044728186502,0.03970334375242825,-0.025228112373037296,-1.1866349973668797,1.3203795279631143,-0.6133693096971333,-0.15922903939523908,0.2366940633928816
21,0.0,0.0,0.0,0.0,0.0,0.0,0.0,0.0,0.0,0.0,0.0,0.0,0.0,0.0,0.0,0.0,0.0,0.0,0.02288879694626446,0.3330561096767561,1.4608952276579878,1.1939722514500675,-0.09308583899285026,-0.1638136800480897,-0.3934401086407552,0.039518096384204136,-0.025476977999647796,-1.183547684569178,1.3229990538518588,-0.6296214335203709,-0.1594472976415773,0.23814046662408078
22,0.0,0.0,0.0,0.0,0.0,0.0,0.0,0.0,0.0,0.0,0.0,0.0,0.0,0.0,0.0,0.0,0.0,0.0,0.021205735819115078,0.36348604826255476,1.4753809733888605,1.176413497008254,-0.14071936858889908,-0.17294663215436037,-0.4034821882049399,0.039743166179577676,-0.023087967294286096,-1.190993948543152,1.3143775059232599,-0.5627553403155972,-0.16408108856706813,0.22579418280106645
23,0.0,0.0,0.0,0.0,0.0,0.0,0.0,0.0,0.0,0.0,0.0,0.0,0.0,0.0,0.0,0.0,0.0,0.0,0.017975185618855423,0.42644498701051614,1.5015968472769996,1.139084831854097,-0.23526957304961668,-0.17933715055660146,-0.43320967871972366,0.04010600310643725,-0.030166426106715022,-1.2054116328973445,1.3055500710915864,-0.5274837684368548,-0.1603833892464961,0.2334970195495337
24,0.0,0.0,0.0,0.0,0.0,0.0,0.0,0.0,0.0,0.0,0.0,0.0,0.0,0.0,0.0,0.0,0.0,0.0,0.016135739706929966,0.46290969615230165,1.5159763006673777,1.1298889392750944,-0.25647491096390224,-0.19411537244994634,-0.4351630844900749,0.04052123045284611,-0.02022241181054118,-1.2026137574297624,1.3066483776877758,-0.6272198082839036,-0.15493976646476743,0.2551889631241284
25,0.0,0.0,0.0,0.0,0.0,0.0,0.0,0.0,0.0,0.0,0.0,0.0,0.0,0.0,0.0,0.0,0.0,0.0,0.012048533479001793,0.5092877173740875,1.5263327931119357,1.095219520680984,-0.2867687126956113,-0.22356964012269734,-0.4411122367382707,0.03938835181270645,-0.022584259909671354,-1.2027606847042622,1.3130147704236388,-0.6229989841517828,-0.16005836875402424,0.24066441627662669
26,0.0,0.0,0.0,0.0,0.0,0.0,0.0,0.0,0.0,0.0,0.0,0.0,0.0,0.0,0.0,0.0,0.0,0.0,0.00975962884340344,0.5646830096929207,1.5353505655437858,1.0372560927901684,-0.3038164798857313,-0.25281216064477163,-0.42673749095264235,0.03881326380556265,-0.025600391034095865,-1.201862662769536,1.3168672608651946,-0.6181489620213118,-0.15962484735617838,0.23999980507918586
27,0.0,0.0,0.0,0.0,0.0,0.0,0.0,0.0,0.0,0.0,0.0,0.0,0.0,0.0,0.0,0.0,0.0,0.0,0.005719465292349623,0.6328837991786649,1.540274257316136,0.983699834950357,-0.29763476236316183,-0.3001147713672053,-0.4034252289951979,0.03854931269191535,-0.0269536475091852,-1.1987711158577723,1.3192656769711368,-0.6192209050400185,-0.15908435536945115,0.23939401185577724
28,0.0,0.0,0.0,0.0,0.0,0.0,0.0,0.0,0.0,0.0,0.0,0.0,0.0,0.0,0.0,0.0,0.0,0.0,0.0041981664482048835,0.6700846622778283,1.538738816600133,0.9282434450269255,-0.2795937497490234,-0.3378247178818563,-0.35944042533169457,0.03851344142177158,-0.02960691848130055,-1.1968798286327529,1.319885564696966,-0.6117498720586018,-0.1586843737103086,0.23940865775545306
29,0.0,0.0,0.0,0.0,0.0,0.0,0.0,0.0,0.0,0.0,0.0,0.0,0.0,0.0,0.0,0.0,0.0,0.0,0.004917788343761232,0.6711000268541841,1.5387914834424996,0.9035981884520781,-0.2788227463561282,-0.3587974364778409,-0.3539382628969475,0.03854529412812982,-0.03445356101563578,-1.199587925284611,1.3174733518143298,-0.5915186733622138,-0.1587436985256073,0.24012867653135453
30,0.0,0.0,0.0,0.0,0.0,0.0,0.0,0.0,0.0,0.0,0.0,0.0,0.0,0.0,0.0,0.0,0.0,0.0,0.0008882435551225312,0.7461170932495247,1.5408366674350993,0.8421271833902245,-0.23616883997332858,-0.47045595362149484,-0.3039034517081629,0.038108836828705146,-0.046746095741566226,-1.2113718409827354,1.310949026122228,-0.5605388219643453,-0.1577786190451795,0.2473789810460902
31,0.0,0.0,0.0,0.0,0.0,0.0,0.0,0.0,0.0,0.0,0.0,0.0,0.0,0.0,0.0,0.0,0.0,0.0,-0.0012542733159300312,0.7237736406087881,1.5463247315877318,0.7379049500332064,-0.16320196706015552,-0.5612255108101099,-0.24438987846859253,0.038683842048704134,-0.042828625489878855,-1.210209312987693,1.3128870579107328,-0.5820859970906627,-0.15631055580066003,0.24929707729005965
32,0.0,0.0,0.0,0.0,0.0,0.0,0.0,0.0,0.0,0.0,0.0,0.0,0.0,0.0,0.0,0.0,0.0,0.0,-0.00764623745077737,0.7342434074690339,1.560084226312657,0.6278198389622098,-0.09706771788877275,-0.6408574259048593,-0.17331482973921541,0.03799663775581591,-0.04620409712573239,-1.2107931596689807,1.315164029136678,-0.5826717778069517,-0.15598035591093581,0.2504296113208654
33,0.0,0.0,0.0,0.0,0.0,0.0,0.0,0.0,0.0,0.0,0.0,0.0,0.0,0.0,0.0,0.0,0.0,0.0,-0.012592538372288424,0.7691867625754168,1.5728759265529988,0.48323968642358966,-0.047257475807054194,-0.6293685377296199,-0.14091429466896188,0.037565904468666686,-0.053503349997983556,-1.2165922186437994,1.3132230877496978,-0.5494987000876749,-0.15729334618182633,0.2495531339834293
34,0.0,0.0,0.0,0.0,0.0,0.0,0.0,0.0,0.0,0.0,0.0,0.0,0.0,0.0,0.0,0.0,0.0,0.0,-0.01512873972674772,0.8312959591952076,1.5734846974700007,0.4133415650577208,-0.042088130816893596,-0.5877025585014982,-0.14069351808154218,0.03794121106274651,-0.05104027724109328,-1.2181185901489384,1.3106071577260265,-0.5398063038677051,-0.1562198115586044,0.24849242025923146
35,0.0,0.0,0.0,0.0,0.0,0.0,0.0,0.0,0.0,0.0,0.0,0.0,0.0,0.0,0.0,0.0,0.0,0.0,-0.01746179435267125,0.8934319757617575,1.5729111366975654,0.37054044717735135,-0.0705066402207144,-0.5395921236016381,-0.1665711938218698,0.03899158513947737,-0.028025452324778273,-1.2099367665382712,1.3061204936970374,-0.6246385924787932,-0.15274077053687476,0.24916711092781305
36,0.0,0.0,0.0,0.0,0.0,0.0,0.0,0.0,0.0,0.0,0.0,0.0,0.0,0.0,0.0,0.0,0.0,0.0,-0.038552365378497516,0.9425946045873405,1.581459965883258,0.1391919059822835,-0.09105075800676038,-0.346352035784849,-0.20422918544108531,0.03833506393506614,-0.033715878198618994,-1.2197017301847515,1.303104087183039,-0.5846685203886062,-0.15857663163343197,0.24610347376284483
37,0.0,0.0,0.0,0.0,0.0,0.0,0.0,0.0,0.0,0.0,0.0,0.0,0.0,0.0,0.0,0.0,0.0,0.0,-0.038241320203343095,0.9161286746038515,1.5706158752384347,0.1632361482062823,-0.24308340549755975,-0.44498513023074143,-0.2919707557505382,0.03842854606620538,-0.034798526217050485,-1.214178749824071,1.3138156842784228,-0.6337197731196553,-0.15702227866138807,0.2537197133105695
38,0.0,0.0,0.0,0.0,0.0,0.0,0.0,0.0,0.0,0.0,0.0,0.0,0.0,0.0,0.0,0.0,0.0,0.0,-0.020046303835019645,0.9926872420590106,1.5636765672212884,0.053286052741859956,-0.17218119949211066,-0.37642131097696974,-0.18533213479295874,0.03718398211425452,-0.04084127477258002,-1.209890870146465,1.320729026755921,-0.6506915406737346,-0.15658042933420727,0.25449769226172514
39,0.0,0.0,0.0,0.0,0.0,0.0,0.0,0.0,0.0,0.0,0.0,0.0,0.0,0.0,0.0,0.0,0.0,0.0,-0.032723667806630934,1.079813549556124,1.5634517345611203,-0.012377210993446523,-0.148015077373673,-0.29210202507796995,-0.1625897303920317,0.03666027170301148,-0.04467310221027568,-1.2019169332797657,1.3269577859883288,-0.6692028199028351,-0.1567119450930208,0.2566572119014731
40,0.0,0.0,0.0,0.0,0.0,0.0,0.0,0.0,0.0,0.0,0.0,0.0,0.0,0.0,0.0,0.0,0.0,0.0,-0.03939493960310789,1.0929646804195898,1.5629903034931625,-0.09886095561329498,-0.17250937488310467,-0.28869615007229155,-0.18383603173348906,0.036503786578166074,-0.046348123227840654,-1.1924286660675762,1.3323421727968883,-0.6648951585741221,-0.15843979760202204,0.2540597751250076
41,0.0,0.0,0.0,0.0,0.0,0.0,0.0,0.0,0.0,0.0,0.0,0.0,0.0,0.0,0.0,0.0,0.0,0.0,-0.037680313033865084,1.131393738284354,1.5588950553879837,-0.14701703886936335,-0.21514525085811284,-0.25125037649205695,-0.1782724142735949,0.036771034100369734,-0.04874860525808773,-1.1834446667196457,1.335911469169846,-0.6611540743164821,-0.15872597359248616,0.2529340352966694
42,0.0,0.0,0.0,0.0,0.0,0.0,0.0,0.0,0.0,0.0,0.0,0.0,0.0,0.0,0.0,0.0,0.0,0.0,-0.042380965715274645,1.1673945776462333,1.5571774581252162,-0.21258302775355153,-0.3384395583705915,-0.19727805401769244,-0.21627218620003982,0.03717833403574271,-0.05009739376399483,-1.1753698946879851,1.33791476495155,-0.6542998534034774,-0.15866296464344967,0.2513837247900178
43,0.0,0.0,0.0,0.0,0.0,0.0,0.0,0.0,0.0,0.0,0.0,0.0,0.0,0.0,0.0,0.0,0.0,0.0,-0.039655606732791344,1.197541991272337,1.5535580229626789,-0.24802948624690135,-0.3158285581454055,-0.18218432396696585,-0.18044640415777255,0.03766859877656744,-0.05070651298315818,-1.1678303779410515,1.3393892579281235,-0.65052424361072,-0.15839229534627014,0.25045103238112504
44,0.0,0.0,0.0,0.0,0.0,0.0,0.0,0.0,0.0,0.0,0.0,0.0,0.0,0.0,0.0,0.0,0.0,0.0,-0.04523443951256697,1.227476966574992,1.548424220243335,-0.25979779724752783,-0.36036193435769803,-0.1813616227641047,-0.19049946916063837,0.03813115626949829,-0.05099331895389346,-1.1613442074238767,1.3404559016912507,-0.6462402478214369,-0.15818935136214535,0.24932272815134737
45,0.0,0.0,0.0,0.0,0.0,0.0,0.0,0.0,0.0,0.0,0.0,0.0,0.0,0.0,0.0,0.0,0.0,0.0,-0.04831585968102594,1.2595372041697408,1.5472640022012827,-0.30272336004580885,-0.34703317597143024,-0.16593037197377486,-0.17920105201534356,0.038482769056353845,-0.05234792807977971,-1.1551720448387814,1.3422200431726725,-0.6476717588970903,-0.15784624125619265,0.2498804333911562
46,0.0,0.0,0.0,0.0,0.0,0.0,0.0,0.0,0.0,0.0,0.0,0.0,0.0,0.0,0.0,0.0,0.0,0.0,-0.04320227398438307,1.287344496880472,1.5449879923557517,-0.3876460691911752,-0.4531822626269834,-0.11552228418980408,-0.1640936882769732,0.03862583771548987,-0.05562159144112581,-1.1492244387483648,1.3446221512725596,-0.6565306554773037,-0.15766779433655245,0.25269486670350233
47,0.0,0.0,0.0,0.0,0.0,0.0,0.0,0.0,0.0,0.0,0.0,0.0,0.0,0.0,0.0,0.0,0.0,0.0,-0.06264376747889218,1.3249248927279633,1.5323338498597299,-0.40637283685282094,-0.47334025168719773,-0.13195692639219164,-0.18369862507143783,0.03881941861809187,-0.05635647582359311,-1.143512113521859,1.3462006211904618,-0.6545429590471451,-0.1577427749628024,0.25180783596023243
48,0.0,0.0,0.0,0.0,0.0,0.0,0.0,0.0,0.0,0.0,0.0,0.0,0.0,0.0,0.0,0.0,0.0,0.0,-0.06650452140374198,1.338044777738158,1.5304260941715928,-0.42486918044590755,-0.4724221705932727,-0.13020368706970153,-0.19161918134648093,0.03905192313109999,-0.05801374183938388,-1.1393840923901195,1.347127641541904,-0.6486630440163135,-0.15755364493444754,0.251359523719413
49,0.0,0.0,0.0,0.0,0.0,0.0,0.0,0.0,0.0,0.0,0.0,0.0,0.0,0.0,0.0,0.0,0.0,0.0,-0.067561587496772,1.3640413743295399,1.5289149973641227,-0.5074152540531621,-0.5082206202051316,-0.09363189911329328,-0.16558600791814412,0.03923960828115281,-0.059491307281087466,-1.1323681465011388,1.3501316047888487,-0.6632914425834945,-0.15730540167901896,0.25396450270339804
50,0.0,0.0,0.0,0.0,0.0,0.0,0.0,0.0,0.0,0.0,0.0,0.0,0.0,0.0,0.0,0.0,0.0,0.0,-0.06351703358036659,1.3750290656234285,1.528578154955814,-0.5498289896958498,-0.6153039735040906,-0.08381102549845665,-0.17062506970726052,0.03927507987247596,-0.06274032300049502,-1.127066505918717,1.3522243994202294,-0.6609909164764639,-0.15741009130706354,0.254478811440871
51,0.0,0.0,0.0,0.0,0.0,0.0,0.0,0.0,0.0,0.0,0.0,0.0,0.0,0.0,0.0,0.0,0.0,0.0,-0.06469705801752833,1.3842855816345128,1.526858400735715,-0.5998248258110945,-0.6748589866438145,-0.06285701885202422,-0.15636195702568323,0.039386488164870156,-0.06470640407493457,-1.120052753971753,1.3550377408406757,-0.6706309609404442,-0.1574279020544535,0.2564288241214595
52,0.0,0.0,0.0,0.0,0.0,0.0,0.0,0.0,0.0,0.0,0.0,0.0,0.0,0.0,0.0,0.0,0.0,0.0,-0.0602880349485485,1.3855940624218135,1.530856206174493,-0.6522192409790625,-0.7548417490623365,-0.04123373689109099,-0.12932711295217852,0.03949904864976171,-0.06601886843619015,-1.1035157452915236,1.3588755641358108,-0.683174769458232,-0.1568884307619488,0.25673880011531636
53,0.0,0.0,0.0,0.0,0.0,0.0,0.0,0.0,0.0,0.0,0.0,0.0,0.0,0.0,0.0,0.0,0.0,0.0,-0.05929425480002044,1.3734802556513395,1.5284773433652867,-0.6817123552568793,-0.992827415217199,-0.035117216415637906,-0.18633254950237851,0.04016225775345862,-0.06700871517254411,-1.0976804626813417,1.3611216888715274,-0.6792546425450073,-0.15819903142613184,0.25638240763817327
54,0.0,0.0,0.0,0.0,0.0,0.0,0.0,0.0,0.0,0.0,0.0,0.0,0.0,0.0,0.0,0.0,0.0,0.0,-0.06380095203309102,1.3845367021481576,1.5247689968033007,-0.7081818123758707,-1.0317460532275424,-0.02421154956124795,-0.16879816040015766,0.0404062597232919,-0.0667631643545026,-1.0914095580952623,1.362795256908577,-0.6794259794566444,-0.15853173824006656,0.25533702350325116
55,0.0,0.0,0.0,0.0,0.0,0.0,0.0,0.0,0.0,0.0,0.0,0.0,0.0,0.0,0.0,0.0,0.0,0.0,-0.06564791187210411,1.379418292610662,1.5258719942038959,-0.7398115970440482,-0.9767232399098806,0.0030248332515168154,-0.13044049529889334,0.04064691617369211,-0.06737948149021655,-1.0879583819176804,1.36249393340955,-0.6701519318887091,-0.15823017058127872,0.25420511172983357
56,0.0,0.0,0.0,0.0,0.0,0.0,0.0,0.0,0.0,0.0,0.0,0.0,0.0,0.0,0.0,0.0,0.0,0.0,-0.06514377431182791,1.3827029737170264,1.5232372737408928,-0.7219785459031338,-1.1243163955139415,-0.023721077829795576,-0.19813092555225956,0.04102024298753895,-0.06673323717369141,-1.0853167278006979,1.3615970625416305,-0.6626430464404094,-0.157533239772481,0.2530722346781883
57,0.0,0.0,0.0,0.0,0.0,0.0,0.0,0.0,0.0,0.0,0.0,0.0,0.0,0.0,0.0,0.0,0.0,0.0,-0.06746246118110627,1.4012996429675166,1.5219541392880862,-0.7088470820004519,-0.8821951277005357,-0.035271038420943854,-0.14974662304878517,0.04133945579284864,-0.06636092378911619,-1.0825010024100594,1.361780461593514,-0.661774505197941,-0.1573584928858324,0.2529879484028339
58,0.0,0.0,0.0,0.0,0.0,0.0,0.0,0.0,0.0,0.0,0.0,0.0,0.0,0.0,0.0,0.0,0.0,0.0,-0.08285476039656249,1.4135802170876783,1.5124302170267723,-0.6766031063489216,-0.6259519437304666,-0.05585704328851929,-0.12542597190863125,0.041514673996278756,-0.06636968533570019,-1.080760724476999,1.3616442211402653,-0.6594381470277032,-0.15728897863760366,0.25248770509385854
59,0.0,0.0,0.0,0.0,0.0,0.0,0.0,0.0,0.0,0.0,0.0,0.0,0.0,0.0,0.0,0.0,0.0,0.0,-0.08335421236320159,1.4202726512702621,1.513370819376899,-0.6423610844003375,-0.6987140890439686,-0.0379230592350217,-0.13594412465890526,0.04167455753824269,-0.06614234467924143,-1.0786039027392054,1.3622504724226292,-0.6614511569540302,-0.15754253966626597,0.25260145351432967
60,0.0,0.0,0.0,0.0,0.0,0.0,0.0,0.0,0.0,0.0,0.0,0.0,0.0,0.0,0.0,0.0,0.0,0.0,-0.07459794151260833,1.4418063882064658,1.516538428665586,-0.5887704912790125,-0.8219255518621601,-0.024648932431744063,-0.14792482748918556,0.04190016571385002,-0.06311767657453352,-1.0804390641046233,1.3601354976083393,-0.644126872680542,-0.15755642692159305,0.24710187211142204
61,0.0,0.0,0.0,0.0,0.0,0.0,0.0,0.0,0.0,0.0,0.0,0.0,0.0,0.0,0.0,0.0,0.0,0.0,-0.07224155722557987,1.430199415600389,1.5180429470641796,-0.5281327709837066,-0.8284628521984827,-0.05993518582575524,-0.192917553574246,0.042150030264216494,-0.06107469469219905,-1.0822184084469257,1.3582334395153817,-0.6384633913953861,-0.15717868503705806,0.2461004753027498
62,0.0,0.0,0.0,0.0,0.0,0.0,0.0,0.0,0.0,0.0,0.0,0.0,0.0,0.0,0.0,0.0,0.0,0.0,-0.06860581300964741,1.426653189240743,1.5195630461247638,-0.4658655463331571,-0.7296795508037195,-0.09023289197134075,-0.2041928990721656,0.04233572516036787,-0.05921402286799994,-1.0859158508404436,1.3555642304744573,-0.6304256353685623,-0.15702642143776924,0.24467092733010257
63,0.0,0.0,0.0,0.0,0.0,0.0,0.0,0.0,0.0,0.0,0.0,0.0,0.0,0.0,0.0,0.0,0.0,0.0,-0.08795248111909541,1.4547541047095014,1.5150645109421823,-0.3672121006760166,-0.482458808927273,-0.09182448699419819,-0.17327884050071454,0.04256626773722084,-0.056191302944661944,-1.0913576262815363,1.352075219437452,-0.6202445574638846,-0.15691755743035626,0.24232524876482991
64,0.0,0.0,0.0,0.0,0.0,0.0,0.0,0.0,0.0,0.0,0.0,0.0,0.0,0.0,0.0,0.0,0.0,0.0,-0.0891876361004598,1.4733305581061702,1.5110766563101785,-0.27676060218634074,-0.48882344380185777,-0.10618927707951217,-0.17163671093976912,0.042758046986568335,-0.05295235316225656,-1.0975133608461818,1.348615666523163,-0.607630049415006,-0.15663944605153005,0.2398758412679824
65,0.0,0.0,0.0,0.0,0.0,0.0,0.0,0.0,0.0,0.0,0.0,0.0,0.0,0.0,0.0,0.0,0.0,0.0,-0.0752287177473081,1.4695142279852182,1.5238523436691749,-0.1831853528701292,-0.3974059709055765,-0.13308301936322053,-0.14383000478536334,0.04291287641972249,-0.050854309152351514,-1.1031707757732143,1.345778783620799,-0.6039866179647061,-0.15632452641701225,0.23937143286661766
66,0.0,0.0,0.0,0.0,0.0,0.0,0.0,0.0,0.0,0.0,0.0,0.0,0.0,0.0,0.0,0.0,0.0,0.0,-0.07277279229528466,1.4806800098855637,1.5192340906317436,-0.05921444386679059,-0.5494851547973418,-0.14610781495803465,-0.23643367912624172,0.04294463458820633,-0.047026704556551044,-1.1080525799277994,1.3437504582162825,-0.6043946264282785,-0.15632942913367248,0.23772985532046015
67,0.0,0.0,0.0,0.0,0.0,0.0,0.0,0.0,0.0,0.0,0.0,0.0,0.0,0.0,0.0,0.0,0.0,0.0,-0.07210117412531628,1.5122432899862528,1.5198580583280912,0.039932969381485627,-0.3969114367650274,-0.172326555466477,-0.18271456225879706,0.0429994181467612,-0.037473730353779974,-1.1194051422695033,1.3341323075987717,-0.6182548224193277,-0.15534212572406564,0.2370494693636621
68,0.0,0.0,0.0,0.0,0.0,0.0,0.0,0.0,0.0,0.0,0.0,0.0,0.0,0.0,0.0,0.0,0.0,0.0,-0.05727121536385986,1.4947451308571609,1.5262253487610133,0.09391264800845137,-0.6170203426016574,-0.1493395842565816,-0.2402471389070511,0.04308654122573357,-0.037889889055726156,-1.1273370735450483,1.3350135014743716,-0.60277139761481,-0.1571270705836914,0.23591021009314483
69,0.0,0.0,0.0,0.0,0.0,0.0,0.0,0.0,0.0,0.0,0.0,0.0,0.0,0.0,0.0,0.0,0.0,0.0,-0.06003860054360905,1.5331408735237766,1.5204663936914868,0.22129589468981495,-0.4913690413943996,-0.22768112036663243,-0.23675432852356648,0.04248930123635886,-0.038441104449312556,-1.1354012730603262,1.333560540995135,-0.5927944810216242,-0.15742422409063125,0.2348736948703202
70,0.0,0.0,0.0,0.0,0.0,0.0,0.0,0.0,0.0,0.0,0.0,0.0,0.0,0.0,0.0,0.0,0.0,0.0,-0.0694853670855485,1.5180103723770855,1.5177314753624018,0.27016568702050775,-0.564051854114263,-0.1875699687132675,-0.28218403452395124,0.04213705999202214,-0.038354034754298834,-1.142650940804888,1.3314589739915286,-0.5855536524186562,-0.15737604406785854,0.23495591171918837
71,0.0,0.0,0.0,0.0,0.0,0.0,0.0,0.0,0.0,0.0,0.0,0.0,0.0,0.0,0.0,0.0,0.0,0.0,-0.06462807876487262,1.5333242633993036,1.5202632978665782,0.37732274647667213,-0.5612904551775821,-0.21302527064365084,-0.29231075987135974,0.04181491199672535,-0.03905525422282689,-1.1487110752776617,1.3302680067019017,-0.585393780166075,-0.1570274243214821,0.23619490220807404
72,0.0,0.0,0.0,0.0,0.0,0.0,0.0,0.0,0.0,0.0,0.0,0.0,0.0,0.0,0.0,0.0,0.0,0.0,-0.0788084403636506,1.5627131071908342,1.5171825798124918,0.49107054245947307,-0.6699192445444715,-0.19956901902967308,-0.3868460961519728,0.041564947807348526,-0.03812136874262027,-1.1557754148048895,1.3272190701410043,-0.5731871418265587,-0.15731680291642167,0.2344480084579201
73,0.0,0.0,0.0,0.0,0.0,0.0,0.0,0.0,0.0,0.0,0.0,0.0,0.0,0.0,0.0,0.0,0.0,0.0,-0.061815348130881034,1.5620850963897521,1.5185022577845306,0.5405738870288991,-0.6599547329655808,-0.21456757107265825,-0.35982870980943354,0.04152589052253223,-0.03735126171629275,-1.1630540034465204,1.3238110273860797,-0.5619527895023512,-0.15735292780324764,0.23425906050638434
74,0.0,0.0,0.0,0.0,0.0,0.0,0.0,0.0,0.0,0.0,0.0,0.0,0.0,0.0,0.0,0.0,0.0,0.0,-0.053868729488242464,1.549880907619591,1.5196530109564872,0.5956663204809383,-0.6527349061915119,-0.18316041211111447,-0.3479034188875873,0.04143432176068544,-0.03496867207389978,-1.1666306179648083,1.3227504088793345,-0.5837256096319922,-0.15711597925565554,0.23753929262520207
75,0.0,0.0,0.0,0.0,0.0,0.0,0.0,0.0,0.0,0.0,0.0,0.0,0.0,0.0,0.0,0.0,0.0,0.0,-0.06104439660847777,1.5534874134934413,1.5214223667626827,0.6431862717645345,-0.6736209750649375,-0.15994419685357675,-0.3706260286173864,0.040920485507238424,-0.03640673537669969,-1.1722746948537517,1.3219698411440846,-0.5790563142905164,-0.15742324073474284,0.2381125285937584
76,0.0,0.0,0.0,0.0,0.0,0.0,0.0,0.0,0.0,0.0,0.0,0.0,0.0,0.0,0.0,0.0,0.0,0.0,-0.06548363105043867,1.5595501742392346,1.523805972126514,0.681585154384054,-0.7038498414065375,-0.13588762390404585,-0.38763978994645953,0.04065635248496316,-0.03604866963070712,-1.176547196627212,1.320997019848313,-0.5760807725212346,-0.1575207386768306,0.23813816820142897
77,0.0,0.0,0.0,0.0,0.0,0.0,0.0,0.0,0.0,0.0,0.0,0.0,0.0,0.0,0.0,0.0,0.0,0.0,-0.0673697143207462,1.5900212820254116,1.5243137630561305,0.7247798583090762,-0.7246733406255509,-0.14970651124815634,-0.40565367932575236,0.04036445554686069,-0.037464017563904335,-1.1819680054559327,1.3192989615256612,-0.5678144866571415,-0.15760250835071146,0.23858501089407697
78,0.0,0.0,0.0,0.0,0.0,0.0,0.0,0.0,0.0,0.0,0.0,0.0,0.0,0.0,0.0,0.0,0.0,0.0,-0.06599489166543818,1.5939949621815581,1.5244270385451437,0.7243839256072794,-0.7237607063857227,-0.13018418781370708,-0.38716462028477866,0.04024051626547695,-0.03700276670225789,-1.1859132765808567,1.3180022403220695,-0.5656981480607192,-0.1574397863031922,0.2388476475896211
79,0.0,0.0,0.0,0.0,0.0,0.0,0.0,0.0,0.0,0.0,0.0,0.0,0.0,0.0,0.0,0.0,0.0,0.0,-0.07374795010995018,1.5961430580606113,1.5252746430967896,0.7065619789052474,-0.6990055550941661,-0.1451757302263049,-0.38283473506732624,0.04003013439156056,-0.03737754872410582,-1.1900446008017258,1.3166208024098638,-0.5626725770464912,-0.1573922626442745,0.23942198945320212
80,0.0,0.0,0.0,0.0,0.0,0.0,0.0,0.0,0.0,0.0,0.0,0.0,0.0,0.0,0.0,0.0,0.0,0.0,-0.06870276433156816,1.583206877755701,1.5280827402830088,0.6926687106391547,-0.6434644232199029,-0.1679864631449083,-0.3758130940425586,0.03981733056229227,-0.03785533603243361,-1.1926080842721845,1.3163621186463708,-0.5678446929930111,-0.15665411386897643,0.24096728555328997
81,0.0,0.0,0.0,0.0,0.0,0.0,0.0,0.0,0.0,0.0,0.0,0.0,0.0,0.0,0.0,0.0,0.0,0.0,-0.05734929016663916,1.583456311721847,1.5289550911196514,0.6362597398751765,-0.46887908115344157,-0.2997111863035675,-0.34078419373033103,0.0392806268041039,-0.04374391679368417,-1.1991690932902217,1.3153730236991659,-0.5531122363963268,-0.15697650281171321,0.24273359978587186
82,0.0,0.0,0.0,0.0,0.0,0.0,0.0,0.0,0.0,0.0,0.0,0.0,0.0,0.0,0.0,0.0,0.0,0.0,-0.04796200130807429,1.5023742869937862,1.538272189837645,0.47839743247405625,-0.23567103240099585,-0.3518101075769883,-0.2050187094857567,0.03932246265672046,-0.04163846383242349,-1.200625150660873,1.3145269821518786,-0.5548670886483078,-0.1566322653208368,0.24264499434257006
83,0.0,0.0,0.0,0.0,0.0,0.0,0.0,0.0,0.0,0.0,0.0,0.0,0.0,0.0,0.0,0.0,0.0,0.0,-0.03398687858151738,1.4383990271548874,1.5451618394966509,0.32242964229898546,-0.26478225767934616,-0.30907284922736245,-0.15650932765632952,0.03903562637063196,-0.04274199320968211,-1.2016151968061155,1.3157586270282136,-0.5761098536197634,-0.15632561292568364,0.24643890730302823
84,0.0,0.0,0.0,0.0,0.0,0.0,0.0,0.0,0.0,0.0,0.0,0.0,0.0,0.0,0.0,0.0,0.0,0.0,-0.047959077118817056,1.3899208615565513,1.5427692300410072,0.17630799564495378,-0.3022181948453453,-0.2504362913261848,-0.20497710661580215,0.03835829593624352,-0.04751268527111621,-1.2013214452530765,1.319302102920763,-0.5967423790435229,-0.15595512560845293,0.251722030198012
85,0.0,0.0,0.0,0.0,0.0,0.0,0.0,0.0,0.0,0.0,0.0,0.0,0.0,0.0,0.0,0.0,0.0,0.0,-0.05279718259057238,1.3681975042791201,1.545312033065563,0.04907565503184885,-0.40577198752673604,-0.15316449141889274,-0.18787376845047749,0.03794811267424571,-0.04864167648576311,-1.199331966811391,1.3217861519744483,-0.5976281057031775,-0.15614905840640253,0.2507930451648365
86,0.0,0.0,0.0,0.0,0.0,0.0,0.0,0.0,0.0,0.0,0.0,0.0,0.0,0.0,0.0,0.0,0.0,0.0,-0.03396494849194931,1.3400875482649244,1.552493270058978,-0.03040276774991576,-0.2515180971808072,-0.19263783666088447,-0.15552375742640284,0.03763271113706255,-0.05306048626301361,-1.196327956176614,1.3252275972501621,-0.6157287524952818,-0.1558274203602774,0.2553857334825569
87,0.0,0.0,0.0,0.0,0.0,0.0,0.0,0.0,0.0,0.0,0.0,0.0,0.0,0.0,0.0,0.0,0.0,0.0,-0.05688234968893746,1.320453790018346,1.5489210289284983,-0.12069782274693275,-0.18096798470194395,-0.19435945578228603,-0.15514639465949742,0.03729287844162367,-0.05772991704489025,-1.1937836308487306,1.3279478357625079,-0.6134674178411669,-0.1557135261596446,0.2564700067343197
88,0.0,0.0,0.0,0.0,0.0,0.0,0.0,0.0,0.0,0.0,0.0,0.0,0.0,0.0,0.0,0.0,0.0,0.0,-0.041297213294269934,1.279880905898556,1.5464771585573285,-0.2095964820584049,-0.32551772156659686,-0.16987063972526525,-0.1180550049308259,0.037287368434042116,-0.06047002999403813,-1.18956835534469,1.3300717007403193,-0.6148160573357494,-0.15531267024929746,0.2574335903773505
89,0.0,0.0,0.0,0.0,0.0,0.0,0.0,0.0,0.0,0.0,0.0,0.0,0.0,0.0,0.0,0.0,0.0,0.0,-0.046705815647621204,1.248118915275774,1.5491596518357091,-0.270438614294837,-0.29960342102769083,-0.156360033066469,-0.16001491965113157,0.03738847866898325,-0.06129929399424675,-1.184799222793555,1.331917294851431,-0.6181350017619242,-0.1551166073262788,0.25776809548007085
90,0.0,0.0,0.0,0.0,0.0,0.0,0.0,0.0,0.0,0.0,0.0,0.0,0.0,0.0,0.0,0.0,0.0,0.0,-0.03711327423154057,1.2208957909853204,1.5513957753348306,-0.3858907997225569,-0.4462311015209277,-0.14017333495447193,-0.21366070015945626,0.037394868279793575,-0.06557819536929796,-1.180267838449314,1.334550019366757,-0.6297478830490855,-0.15487984280018394,0.2612876162970088
91,0.0,0.0,0.0,0.0,0.0,0.0,0.0,0.0,0.0,0.0,0.0,0.0,0.0,0.0,0.0,0.0,0.0,0.0,-0.036233032144636204,1.227019384703814,1.547421451059457,-0.49232730670271463,-0.4935270508330714,-0.11694646604258718,-0.1571103787564896,0.03737840751517209,-0.06898331669807603,-1.1768018128302933,1.336168221798367,-0.6242116234635853,-0.15476061597152155,0.26185261237915775
92,0.0,0.0,0.0,0.0,0.0,0.0,0.0,0.0,0.0,0.0,0.0,0.0,0.0,0.0,0.0,0.0,0.0,0.0,-0.03900546440063639,1.1872531959838202,1.5484738249489112,-0.5650870984920804,-0.42844968823722446,-0.13770710971358252,-0.1919023012036648,0.037472831715636055,-0.07110627845677497,-1.1725291739662977,1.3379971096500238,-0.6273285542100736,-0.15429013353430898,0.2628745293227481
93,0.0,0.0,0.0,0.0,0.0,0.0,0.0,0.0,0.0,0.0,0.0,0.0,0.0,0.0,0.0,0.0,0.0,0.0,-0.04084660010429468,1.2026945128747357,1.5443349506792563,-0.650199294390698,-0.5351490702678634,-0.08794185147824456,-0.14045515759069863,0.0374677792581832,-0.07540168664197804,-1.1673480835080137,1.3408820287009966,-0.6408923126637468,-0.15393742219445958,0.26701117099066946
94,0.0,0.0,0.0,0.0,0.0,0.0,0.0,0.0,0.0,0.0,0.0,0.0,0.0,0.0,0.0,0.0,0.0,0.0,-0.04152579389036896,1.1759380624901683,1.5445322005917717,-0.7175176335663848,-0.6140432808971297,-0.0816570029499668,-0.1693679137815527,0.03749919356115657,-0.07721906021116372,-1.1613754431097107,1.343644740042015,-0.6473798614132148,-0.1541582698216142,0.267677863483223
95,0.0,0.0,0.0,0.0,0.0,0.0,0.0,0.0,0.0,0.0,0.0,0.0,0.0,0.0,0.0,0.0,0.0,0.0,-0.04213806186891962,1.1814816507959425,1.5409029333331914,-0.7587661954955393,-0.6803358496659916,-0.08437761204965433,-0.16943989446404048,0.0375090879035025,-0.08095532222643635,-1.1555849839526524,1.3466925296665342,-0.6529520957455521,-0.15420188273391716,0.2697643855594993
96,0.0,0.0,0.0,0.0,0.0,0.0,0.0,0.0,0.0,0.0,0.0,0.0,0.0,0.0,0.0,0.0,0.0,0.0,-0.040536703581836225,1.1604102440725463,1.533270739109645,-0.8092469529317157,-0.7680380905516767,-0.08748335490953765,-0.17760175086087193,0.03773750738888312,-0.07883467468801487,-1.1494096244663727,1.3480581777281972,-0.6481180425776566,-0.1545349255304352,0.26615941223450135
97,0.0,0.0,0.0,0.0,0.0,0.0,0.0,0.0,0.0,0.0,0.0,0.0,0.0,0.0,0.0,0.0,0.0,0.0,-0.043160379546997724,1.1563319543453319,1.534792105716583,-0.841039443164513,-0.7200175585021316,-0.08266138204255076,-0.16315112247375887,0.0379965743488844,-0.07976222238966839,-1.1442215530721054,1.3494545825646114,-0.6468543038801907,-0.15446681166040468,0.26632587765090243
98,0.0,0.0,0.0,0.0,0.0,0.0,0.0,0.0,0.0,0.0,0.0,0.0,0.0,0.0,0.0,0.0,0.0,0.0,-0.04389136407664098,1.152058014300063,1.5340859742368294,-0.8457566374699271,-0.7378364976526041,-0.0891747635769764,-0.20171681028430943,0.03835961921918609,-0.07792527490915896,-1.1401386645062312,1.348767415693698,-0.6402345723581941,-0.15417944337468506,0.2636630318163109
99,0.0,0.0,0.0,0.0,0.0,0.0,0.0,0.0,0.0,0.0,0.0,0.0,0.0,0.0,0.0,0.0,0.0,0.0,-0.045283609279078756,1.1498894722617903,1.5333630573014234,-0.8497407715941385,-0.7360079429276286,-0.10283343106554856,-0.1877861518922236,0.03873466306491343,-0.0778854290371488,-1.1369481135694595,1.3487394346205461,-0.6371650825376705,-0.15387541806783334,0.2638334405090032
100,0.0,0.0,0.0,0.0,0.0,0.0,0.0,0.0,0.0,0.0,0.0,0.0,0.0,0.0,0.0,0.0,0.0,0.0,-0.039282469402280557,1.1505768118221036,1.5238224775647837,-0.8225564785838769,-0.8026010299575989,-0.13746940832119664,-0.23065940142760696,0.03910700778601194,-0.07567011219849364,-1.1357478031991495,1.3474612928499234,-0.6289653581177539,-0.1543725574933969,0.26069596659238053
101,0.0,0.0,0.0,0.0,0.0,0.0,0.0,0.0,0.0,0.0,0.0,0.0,0.0,0.0,0.0,0.0,0.0,0.0,-0.04189031480864824,1.158995364569589,1.5268288101383685,-0.7961376467418885,-0.6881300214679582,-0.15729546649282458,-0.19773273301079802,0.03939289081550431,-0.0745830891295308,-1.1336199648979208,1.3474552780841782,-0.630308621829131,-0.15383393817294322,0.26122670027061506
102,0.0,0.0,0.0,0.0,0.0,0.0,0.0,0.0,0.0,0.0,0.0,0.0,0.0,0.0,0.0,0.0,0.0,0.0,-0.041000819729009375,1.1688612567409868,1.5280155297872506,-0.7764899371121201,-0.5763621404730495,-0.15943887461104642,-0.1533793266647564,0.03956210993637655,-0.07309387189434251,-1.1314636392624575,1.3475032745195854,-0.63207232525786,-0.15386327686323417,0.26018262753728694
103,0.0,0.0,0.0,0.0,0.0,0.0,0.0,0.0,0.0,0.0,0.0,0.0,0.0,0.0,0.0,0.0,0.0,0.0,-0.05898192744813613,1.2100557306080904,1.5398587277334448,-0.7580702114092742,-0.6152567063163457,-0.034632014327875174,-0.1459720129056512,0.039747001457375065,-0.07130589146866123,-1.1297454974375667,1.3473991236830978,-0.6316457018499307,-0.15409205590500896,0.2588063553318715
104,0.0,0.0,0.0,0.0,0.0,0.0,0.0,0.0,0.0,0.0,0.0,0.0,0.0,0.0,0.0,0.0,0.0,0.0,-0.04639042771365074,1.204353027760052,1.5432048809644092,-0.7165249554424308,-0.7030560155908977,-0.05475713590944696,-0.14543451545282857,0.039938248583247016,-0.06968197310966781,-1.129482307091266,1.3466470857223884,-0.6265039520720802,-0.1546499053788197,0.25682323115302164
105,0.0,0.0,0.0,0.0,0.0,0.0,0.0,0.0,0.0,0.0,0.0,0.0,0.0,0.0,0.0,0.0,0.0,0.0,-0.05246725465024843,1.2107130531230565,1.539609601978494,-0.6786916948637352,-0.47857366608683416,-0.04635420918247974,-0.16569253203944126,0.04019069171913001,-0.06668738843712738,-1.129059750770154,1.3458511682233865,-0.6236960636976421,-0.154893626062414,0.25458290402821127
106,0.0,0.0,0.0,0.0,0.0,0.0,0.0,0.0,0.0,0.0,0.0,0.0,0.0,0.0,0.0,0.0,0.0,0.0,-0.04909614766192827,1.2311166061671814,1.5468596463845194,-0.6138611085893365,-0.7132482331627479,-0.04215818902541626,-0.1741626674703852,0.040359161373024484,-0.06490639741543502,-1.13065247703338,1.3442359603636889,-0.6169475919673064,-0.15508470512251632,0.25288579699869673
107,0.0,0.0,0.0,0.0,0.0,0.0,0.0,0.0,0.0,0.0,0.0,0.0,0.0,0.0,0.0,0.0,0.0,0.0,-0.04144438481147031,1.234294656909248,1.5436377937700838,-0.5638300566640618,-0.5145537252876455,-0.06674300417793813,-0.11143230998883365,0.04050542865921332,-0.06352988931721337,-1.133012753806096,1.3425921761892112,-0.6115997579367216,-0.1550422879474477,0.25191992123286805
108,0.0,0.0,0.0,0.0,0.0,0.0,0.0,0.0,0.0,0.0,0.0,0.0,0.0,0.0,0.0,0.0,0.0,0.0,-0.04799321069441049,1.2738908855943356,1.5371669887664268,-0.49260769422948736,-0.6188048480061076,-0.03229241804060962,-0.1404409575694635,0.04059779496520775,-0.06283791730583431,-1.1353300134169535,1.3412422512535327,-0.6083354970604393,-0.15490013803290845,0.251957738012386
109,0.0,0.0,0.0,0.0,0.0,0.0,0.0,0.0,0.0,0.0,0.0,0.0,0.0,0.0,0.0,0.0,0.0,0.0,-0.036398935427820536,1.2435814076086602,1.545543439417856,-0.4096347684615211,-0.5712439126026136,-0.1124752646791067,-0.1720822189116463,0.04069016285642569,-0.060706023422186284,-1.1379949784915577,1.3393873922898714,-0.6031824888653722,-0.15495671549654466,0.25012475517759275
110,0.0,0.0,0.0,0.0,0.0,0.0,0.0,0.0,0.0,0.0,0.0,0.0,0.0,0.0,0.0,0.0,0.0,0.0,-0.04594410910757506,1.2623162226072007,1.5448160041734114,-0.3324362835976003,-0.43088837828931714,-0.09017121474891872,-0.14623668118278382,0.04081897442589995,-0.058232381210909644,-1.1408460377007739,1.3374974076061747,-0.5981473107376686,-0.15506421004760343,0.24847554281278966
111,0.0,0.0,0.0,0.0,0.0,0.0,0.0,0.0,0.0,0.0,0.0,0.0,0.0,0.0,0.0,0.0,0.0,0.0,-0.04679990475952097,1.278523492429293,1.5465465840439163,-0.2307682919403554,-0.41964974429632407,-0.1251523819889944,-0.1739320331071558,0.040914856720963094,-0.05024880971832115,-1.1478206869563758,1.3298870971216032,-0.6190948991817692,-0.1537421405056281,0.24978115932194608
112,0.0,0.0,0.0,0.0,0.0,0.0,0.0,0.0,0.0,0.0,0.0,0.0,0.0,0.0,0.0,0.0,0.0,0.0,-0.04109622896852316,1.2948019576107817,1.545396830266297,-0.18590980019305045,-0.5210812769016855,-0.10714888665832308,-0.1916157866502397,0.0410509410648465,-0.04953300079975902,-1.1538248104677966,1.3305812594421238,-0.605276056185024,-0.1580098770835649,0.24693087248297818
113,0.0,0.0,0.0,0.0,0.0,0.0,0.0,0.0,0.0,0.0,0.0,0.0,0.0,0.0,0.0,0.0,0.0,0.0,-0.04242136190937336,1.3019640830281123,1.5489520574714672,-0.10991942355961962,-0.36891201018888137,-0.14796436695089218,-0.17537823912399234,0.04101325589590759,-0.041047121806765285,-1.161967135194816,1.3231893892760613,-0.6079677546646541,-0.15556384833748152,0.24473712179668397
114,0.0,0.0,0.0,0.0,0.0,0.0,0.0,0.0,0.0,0.0,0.0,0.0,0.0,0.0,0.0,0.0,0.0,0.0,-0.0453597291842765,1.321169975989012,1.5461044445965964,-0.04301074134891597,-0.3933033572399262,-0.15715392929473168,-0.1863421812476219,0.040857429676063865,-0.04258043358330651,-1.1671496476640244,1.3255996053588401,-0.5991299970367595,-0.1567018196189117,0.24478289832196132
115,0.0,0.0,0.0,0.0,0.0,0.0,0.0,0.0,0.0,0.0,0.0,0.0,0.0,0.0,0.0,0.0,0.0,0.0,-0.04664659742518964,1.337781019998493,1.5464561891024853,0.017463382446495767,-0.3672705429041103,-0.16739362117674797,-0.18920108364136365,0.04040437008814963,-0.041261144478456135,-1.1707681139002306,1.3247377382653955,-0.5874509495208905,-0.15657510720260015,0.24130486470667056
116,0.0,0.0,0.0,0.0,0.0,0.0,0.0,0.0,0.0,0.0,0.0,0.0,0.0,0.0,0.0,0.0,0.0,0.0,-0.04753452967713364,1.3501525212805685,1.5453472914473083,0.08049737563141113,-0.3743568973209518,-0.17936409097724001,-0.19926529790009645,0.04019859103578417,-0.04203523231321725,-1.1744906895524405,1.3241069533768088,-0.5818816758819302,-0.15688044605521942,0.24168660430360522
117,0.0,0.0,0.0,0.0,0.0,0.0,0.0,0.0,0.0,0.0,0.0,0.0,0.0,0.0,0.0,0.0,0.0,0.0,-0.046955675234329634,1.3827452993897686,1.5428186960274535,0.19833583116177295,-0.36884602918828036,-0.21792896909702228,-0.2136875637807265,0.04021616560570043,-0.04019585627433994,-1.1779861893968542,1.3218066416575494,-0.5707012456552312,-0.15725562264022955,0.23897745484725422
118,0.0,0.0,0.0,0.0,0.0,0.0,0.0,0.0,0.0,0.0,0.0,0.0,0.0,0.0,0.0,0.0,0.0,0.0,-0.04974576029548808,1.3997482127364014,1.5432907085591265,0.27420538325779675,-0.39006220456481816,-0.23179233049756548,-0.2869033942009459,0.0403142186121953,-0.03891021520416733,-1.1821888625657744,1.3192550788623338,-0.5612227827775624,-0.15738452793351085,0.23799710698140772
119,0.0,0.0,0.0,0.0,0.0,0.0,0.0,0.0,0.0,0.0,0.0,0.0,0.0,0.0,0.0,0.0,0.0,0.0,-0.04622624536452513,1.385461429391167,1.5451382176289994,0.2941173472158113,-0.4333811198028252,-0.2098622419076011,-0.25763137906384875,0.040231718984474765,-0.03885481825851789,-1.186878405092731,1.317461136173061,-0.5584714621227892,-0.15719072828967898,0.23895184514909226
120,0.0,0.0,0.0,0.0,0.0,0.0,0.0,0.0,0.0,0.0,0.0,0.0,0.0,0.0,0.0,0.0,0.0,0.0,-0.04252294947928084,1.3973291842278086,1.5427960303371935,0.337418011911947,-0.4273477986241158,-0.23509791884516482,-0.25865127851613434,0.04034104654668762,-0.030376188931258388,-1.194314208984715,1.3080899258017398,-0.5627942908189782,-0.1560850141780762,0.23759474731495786
121,0.0,0.0,0.0,0.0,0.0,0.0,0.0,0.0,0.0,0.0,0.0,0.0,0.0,0.0,0.0,0.0,0.0,0.0,-0.043765029156038346,1.3910345133648636,1.5445718736388865,0.34502697951210753,-0.38280260104506575,-0.23693131825278438,-0.24389300573456676,0.04043189784947748,-0.03174791189168618,-1.2011160263665401,1.3090612011351226,-0.5521445176831546,-0.1576472079811069,0.2385318628452696
122,0.0,0.0,0.0,0.0,0.0,0.0,0.0,0.0,0.0,0.0,0.0,0.0,0.0,0.0,0.0,0.0,0.0,0.0,-0.04512194246090873,1.387566341781853,1.5465888710340776,0.3501824151480248,-0.3419364507236541,-0.24276316636509213,-0.23514497346826652,0.03994738673978132,-0.0316022249757022,-1.2050731781588038,1.3091414318943542,-0.5515166075951847,-0.15750417719131746,0.2382345178230798
123,0.0,0.0,0.0,0.0,0.0,0.0,0.0,0.0,0.0,0.0,0.0,0.0,0.0,0.0,0.0,0.0,0.0,0.0,-0.04699060024397696,1.3883597994921069,1.5486553002995933,0.33749127958874603,-0.2924882752151191,-0.24504341641738622,-0.2210988078800787,0.03947717402953296,-0.03299056775115788,-1.2074468207526763,1.3103296435439056,-0.5593804335731336,-0.15752613582279376,0.23986259272461494
124,0.0,0.0,0.0,0.0,0.0,0.0,0.0,0.0,0.0,0.0,0.0,0.0,0.0,0.0,0.0,0.0,0.0,0.0,-0.050455892055811365,1.3948652055133979,1.5501602944648487,0.3148100021721779,-0.23031108956959678,-0.2671150031094084,-0.20804141729758102,0.03910508578102583,-0.03354286787846642,-1.209116886660797,1.3104830818427156,-0.5589883391781246,-0.15743907623947515,0.24004400390495303
125,0.0,0.0,0.0,0.0,0.0,0.0,0.0,0.0,0.0,0.0,0.0,0.0,0.0,0.0,0.0,0.0,0.0,0.0,-0.046027756904442614,1.358646025015111,1.5509038344600878,0.26579077648349,-0.22464522510784976,-0.27671293549069625,-0.17940904125776666,0.038893422086587366,-0.034839169539713104,-1.210853190236688,1.3103181340127446,-0.5574039294535502,-0.1573785938303529,0.24081939814767056
126,0.0,0.0,0.0,0.0,0.0,0.0,0.0,0.0,0.0,0.0,0.0,0.0,0.0,0.0,0.0,0.0,0.0,0.0,-0.04648010179514974,1.320841593684393,1.552812736205532,0.21967851080084744,-0.17544122058358744,-0.2969468697318385,-0.17759452677702525,0.03861370770984964,-0.0379737684744196,-1.212059661718296,1.3116359702284504,-0.5638740716133058,-0.15715776546539506,0.24350000003014272
127,0.0,0.0,0.0,0.0,0.0,0.0,0.0,0.0,0.0,0.0,0.0,0.0,0.0,0.0,0.0,0.0,0.0,0.0,-0.04361002700134136,1.3076069735962457,1.5580313147885323,0.1526271602721968,-0.1298495590655805,-0.33809183181980607,-0.16983044339530967,0.038304569108924116,-0.04019943462013943,-1.2123174531232757,1.312535583837781,-0.5661231697432,-0.15702213583281416,0.24467541931786055
128,0.0,0.0,0.0,0.0,0.0,0.0,0.0,0.0,0.0,0.0,0.0,0.0,0.0,0.0,0.0,0.0,0.0,0.0,-0.04432413943952091,1.2647222891915066,1.5570892778895644,0.06409180981502549,-0.14218407129976116,-0.30850595352469423,-0.15010107670036346,0.03816659506418311,-0.041553866417543384,-1.2117275444377473,1.3135148073851426,-0.569201393665649,-0.15683094144131973,0.24560131656059894
129,0.0,0.0,0.0,0.0,0.0,0.0,0.0,0.0,0.0,0.0,0.0,0.0,0.0,0.0,0.0,0.0,0.0,0.0,-0.045586545854752275,1.253529716831352,1.5547581326012307,-0.04111793800748151,-0.25728764013542776,-0.1839520731051746,-0.18263087159713345,0.0379742301803459,-0.043578414469169366,-1.20921420072991,1.3165672397099808,-0.5948229085140297,-0.15641022852252634,0.25010544748947006
130,0.0,0.0,0.0,0.0,0.0,0.0,0.0,0.0,0.0,0.0,0.0,0.0,0.0,0.0,0.0,0.0,0.0,0.0,-0.03690117079804124,1.230920242910044,1.555468337528488,-0.09770636105220876,-0.23053071890493673,-0.20483123870585812,-0.16532095513726197,0.03757560849663234,-0.04652063738720428,-1.207849832038952,1.3185942281897285,-0.5908874554984677,-0.15664738823788582,0.25013174022855567
131,0.0,0.0,0.0,0.0,0.0,0.0,0.0,0.0,0.0,0.0,0.0,0.0,0.0,0.0,0.0,0.0,0.0,0.0,-0.038869965959966474,1.2102523566100376,1.5566421977245242,-0.15902415495882782,-0.23433271004784584,-0.20242373014256332,-0.1471998431200059,0.0376104267949414,-0.047253506892776034,-1.203494717739732,1.321114060655736,-0.6070894041845472,-0.15647271274584693,0.25174578167297856
132,0.0,0.0,0.0,0.0,0.0,0.0,0.0,0.0,0.0,0.0,0.0,0.0,0.0,0.0,0.0,0.0,0.0,0.0,-0.0429584522356654,1.1862196593867833,1.5554679811238348,-0.21659929071732958,-0.202990673876148,-0.1920454046589816,-0.15607530986348567,0.03740739936114258,-0.050298932819036794,-1.2007439640718691,1.3233920581307117,-0.6053017030281427,-0.1564181533153314,0.2527052687614624
133,0.0,0.0,0.0,0.0,0.0,0.0,0.0,0.0,0.0,0.0,0.0,0.0,0.0,0.0,0.0,0.0,0.0,0.0,-0.03665803818416499,1.1616240050206925,1.5543621006185773,-0.2783697408215957,-0.27010746144457,-0.1958414239128167,-0.1286339067914713,0.037397551575569656,-0.053417118584728376,-1.1971364152052573,1.3254286212903497,-0.6073798732301073,-0.15597587886044742,0.25371677718355007
134,0.0,0.0,0.0,0.0,0.0,0.0,0.0,0.0,0.0,0.0,0.0,0.0,0.0,0.0,0.0,0.0,0.0,0.0,-0.04442781678882762,1.1547917950896285,1.5555834820548615,-0.34149824112465466,-0.2576380878635845,-0.16801743496433905,-0.15070127180332915,0.037371172859231236,-0.056846917567605314,-1.1932034502776514,1.3277312626966868,-0.611522601095845,-0.1555358236551365,0.2557069417964637
135,0.0,0.0,0.0,0.0,0.0,0.0,0.0,0.0,0.0,0.0,0.0,0.0,0.0,0.0,0.0,0.0,0.0,0.0,-0.0367771757557618,1.1480877221195056,1.555119082102206,-0.39190076282137554,-0.3431965186260715,-0.13839388806182312,-0.13669031636402837,0.03744074847133952,-0.05846629178463964,-1.188548701822903,1.3296813021561766,-0.6152175827107583,-0.15532069231060155,0.25627540317421554
136,0.0,0.0,0.0,0.0,0.0,0.0,0.0,0.0,0.0,0.0,0.0,0.0,0.0,0.0,0.0,0.0,0.0,0.0,-0.03582801171509394,1.1300857911321298,1.549108597294775,-0.47290960536219434,-0.3812983232871655,-0.17449682356046398,-0.1624050260217842,0.03744037254149236,-0.062163583468413164,-1.1844168484745619,1.3320492909298172,-0.6194339806510278,-0.1550220730304566,0.2584845713670587
137,0.0,0.0,0.0,0.0,0.0,0.0,0.0,0.0,0.0,0.0,0.0,0.0,0.0,0.0,0.0,0.0,0.0,0.0,-0.0351796460630897,1.1151686991783931,1.5525851291858652,-0.5469702617797091,-0.3340659696685917,-0.15148296970758204,-0.13534472931658034,0.03749461912404064,-0.06437673709054194,-1.179535011764197,1.3342241150167626,-0.6244464763362032,-0.15478835014737385,0.2596750128611186
138,0.0,0.0,0.0,0.0,0.0,0.0,0.0,0.0,0.0,0.0,0.0,0.0,0.0,0.0,0.0,0.0,0.0,0.0,-0.04060702747065483,1.0915887060926486,1.5452643690289605,-0.5922842029196096,-0.46064525696474334,-0.15091215389398896,-0.17930377881610682,0.037543278640511366,-0.06736698138752965,-1.1752100098955065,1.3361362076746057,-0.6274130948033655,-0.15456747849855373,0.2612308147790472
139,0.0,0.0,0.0,0.0,0.0,0.0,0.0,0.0,0.0,0.0,0.0,0.0,0.0,0.0,0.0,0.0,0.0,0.0,-0.04355758786823851,1.1090472005996141,1.5506743924029958,-0.6457120607846579,-0.5186816378463732,-0.10613275818534512,-0.19900754738734966,0.03765341229010578,-0.06862363142408355,-1.1711017936370114,1.3375308166453757,-0.6288441436514325,-0.15446043598828013,0.2617184416319655
140,0.0,0.0,0.0,0.0,0.0,0.0,0.0,0.0,0.0,0.0,0.0,0.0,0.0,0.0,0.0,0.0,0.0,0.0,-0.03388608970336415,1.0944283773123265,1.548535747704407,-0.6783593220708267,-0.5861691235151546,-0.11726261842263982,-0.1827077040535914,0.037754237175779574,-0.07083828113937563,-1.1681472698746747,1.338529478087167,-0.6263354956153018,-0.15435926509165382,0.2623162961556204
141,0.0,0.0,0.0,0.0,0.0,0.0,0.0,0.0,0.0,0.0,0.0,0.0,0.0,0.0,0.0,0.0,0.0,0.0,-0.03965388468336867,1.097649468942476,1.5491507680095695,-0.720517825458097,-0.529882621076539,-0.10330622590426113,-0.15989489492741246,0.03801042517404946,-0.06944937015120788,-1.1627863773795701,1.340062506325955,-0.6379890291536198,-0.15440929660458588,0.26256796975800206
142,0.0,0.0,0.0,0.0,0.0,0.0,0.0,0.0,0.0,0.0,0.0,0.0,0.0,0.0,0.0,0.0,0.0,0.0,-0.04029834592310589,1.095433961692717,1.5463079980018575,-0.7402610924264903,-0.5997022772689107,-0.07345726393802587,-0.16384996629728216,0.03813818625857284,-0.07122030439046256,-1.1594244293637452,1.341094967525871,-0.6333355165815162,-0.15459034502283361,0.2623372251674307
143,0.0,0.0,0.0,0.0,0.0,0.0,0.0,0.0,0.0,0.0,0.0,0.0,0.0,0.0,0.0,0.0,0.0,0.0,-0.04464114809812333,1.0971004508258098,1.5474161301247453,-0.7468773301716047,-0.5980261814393052,-0.0920031457533161,-0.18117683196539724,0.03830715456765757,-0.0713433624312001,-1.1561064517650337,1.3419490515828647,-0.6332858286130247,-0.15447255683672445,0.261803548411251
144,0.0,0.0,0.0,0.0,0.0,0.0,0.0,0.0,0.0,0.0,0.0,0.0,0.0,0.0,0.0,0.0,0.0,0.0,-0.03324416949058662,1.0859706904977615,1.5468364530947218,-0.7491664595460448,-0.6755763934741469,-0.09645274605570765,-0.18249547721904344,0.038506800190964495,-0.07029223907701489,-1.1514988957851433,1.34326598285226,-0.6435618094883534,-0.1545947581942519,0.26224224560293186
145,0.0,0.0,0.0,0.0,0.0,0.0,0.0,0.0,0.0,0.0,0.0,0.0,0.0,0.0,0.0,0.0,0.0,0.0,-0.03768545402192684,1.1043914626995093,1.545515764645929,-0.7324219644064212,-0.5745055519180895,-0.09143840640416526,-0.14910899241965422,0.03860410140868016,-0.0711671657437055,-1.1497645820138485,1.3431736263233984,-0.6310847336946098,-0.15436288988167543,0.2605233041801774
146,0.0,0.0,0.0,0.0,0.0,0.0,0.0,0.0,0.0,0.0,0.0,0.0,0.0,0.0,0.0,0.0,0.0,0.0,-0.0385907813958775,1.1057065820576018,1.5435931545713055,-0.7081057726378248,-0.5855311808187604,-0.1083185410714044,-0.15601083761521364,0.03884309661100139,-0.07129924276779355,-1.1478747512901204,1.3428979611716036,-0.6290013188490358,-0.15396341356198273,0.2607884113835844
147,0.0,0.0,0.0,0.0,0.0,0.0,0.0,0.0,0.0,0.0,0.0,0.0,0.0,0.0,0.0,0.0,0.0,0.0,-0.03853398593469349,1.1200744820710544,1.5428158992448218,-0.6688617765899129,-0.5496402917670582,-0.10063367845653069,-0.1447773478450982,0.03903355171270407,-0.0715187669743681,-1.1477669672505753,1.3420353743536955,-0.6202092210229704,-0.1541671151565137,0.25938234171202446
148,0.0,0.0,0.0,0.0,0.0,0.0,0.0,0.0,0.0,0.0,0.0,0.0,0.0,0.0,0.0,0.0,0.0,0.0,-0.03986099963789115,1.1209128548355982,1.5460574726408918,-0.6289651374588242,-0.5471664077538778,-0.10088465159498629,-0.16003319456651077,0.039320388648795224,-0.06885742160303152,-1.1461471199659174,1.3415502349599435,-0.6206167078600824,-0.15383791917108042,0.258164639047755
149,0.0,0.0,0.0,0.0,0.0,0.0,0.0,0.0,0.0,0.0,0.0,0.0,0.0,0.0,0.0,0.0,0.0,0.0,-0.03716342705827219,1.1357853355216019,1.546499356794113,-0.5846146693794249,-0.5896013560146273,-0.08644552827751088,-0.19982364967642882,0.039447549931064266,-0.06815075266332458,-1.1457810350027127,1.3409084163040228,-0.617604825218386,-0.15375349801673666,0.257431797383059
150,0.0,0.0,0.0,0.0,0.0,0.0,0.0,0.0,0.0,0.0,0.0,0.0,0.0,0.0,0.0,0.0,0.0,0.0,-0.041497439830596713,1.1674083823461536,1.5522548547934225,-0.5219768464696671,-0.534670417538226,-0.06735625865214805,-0.17656962806370832,0.03961271483879947,-0.06658331841283516,-1.144792533462473,1.34088137209156,-0.6204066877886598,-0.15382620346035641,0.2572779273659226
151,0.0,0.0,0.0,0.0,0.0,0.0,0.0,0.0,0.0,0.0,0.0,0.0,0.0,0.0,0.0,0.0,0.0,0.0,-0.03856400405912217,1.1600427822502772,1.5542145977389785,-0.42062165780528965,-0.46626813943608447,-0.11652501925560411,-0.18626734661381028,0.03970600377973297,-0.06524270960005128,-1.1446072567797825,1.3401868660823426,-0.6181781781028586,-0.1539030893987014,0.2558234072165777
152,0.0,0.0,0.0,0.0,0.0,0.0,0.0,0.0,0.0,0.0,0.0,0.0,0.0,0.0,0.0,0.0,0.0,0.0,-0.03380502215870192,1.171559731269634,1.5494076704426956,-0.35982513623646656,-0.498608427735101,-0.13756676787156186,-0.17825839993945303,0.039890977937105915,-0.06296546222192675,-1.144803863692385,1.3394895695883853,-0.6159482023381525,-0.1545598567442465,0.2540253862327828
153,0.0,0.0,0.0,0.0,0.0,0.0,0.0,0.0,0.0,0.0,0.0,0.0,0.0,0.0,0.0,0.0,0.0,0.0,-0.03324560190253515,1.1906902915890445,1.5458619982967998,-0.2940127923377843,-0.46939536007296634,-0.15780295403214428,-0.16969648571863233,0.03999025943412682,-0.061647520825308486,-1.1455797147367754,1.3385466649703452,-0.6132995362632737,-0.1541838313099073,0.25332476194240644
154,0.0,0.0,0.0,0.0,0.0,0.0,0.0,0.0,0.0,0.0,0.0,0.0,0.0,0.0,0.0,0.0,0.0,0.0,-0.0339780655155709,1.208208001051654,1.546764980308384,-0.2280156886242287,-0.4357851752576228,-0.16873959472779157,-0.17284811627389396,0.04010919451906606,-0.05956265901577882,-1.1468401154473336,1.3376366571459646,-0.6099777575425499,-0.15488837491303006,0.2515146650476688
155,0.0,0.0,0.0,0.0,0.0,0.0,0.0,0.0,0.0,0.0,0.0,0.0,0.0,0.0,0.0,0.0,0.0,0.0,-0.03508686941401394,1.2310879229257525,1.547577381974754,-0.16480316025136652,-0.4134097630624498,-0.17168041582596502,-0.17488493251496748,0.04025134942855527,-0.05685078313748276,-1.1493857287665785,1.3356683737928876,-0.6006692758898715,-0.15537526662664722,0.24868032694846876
156,0.0,0.0,0.0,0.0,0.0,0.0,0.0,0.0,0.0,0.0,0.0,0.0,0.0,0.0,0.0,0.0,0.0,0.0,-0.0398451492621505,1.238407946177104,1.5509820332336963,-0.09938697866983234,-0.3426132223236927,-0.17837889396398462,-0.18270512366679936,0.04038472296505944,-0.055958511600816406,-1.151316328619697,1.3345831881541323,-0.5993781450641271,-0.15526805782857828,0.2490883654655707
157,0.0,0.0,0.0,0.0,0.0,0.0,0.0,0.0,0.0,0.0,0.0,0.0,0.0,0.0,0.0,0.0,0.0,0.0,-0.03816399716315677,1.2521893910389996,1.5512601311073224,-0.025662344164142852,-0.35063811981025944,-0.18769796427875038,-0.19090318472468787,0.040468862219631786,-0.05345052879100481,-1.1549626166009057,1.3319157513362816,-0.5883523861296633,-0.15559785165828635,0.24603659168174039
158,0.0,0.0,0.0,0.0,0.0,0.0,0.0,0.0,0.0,0.0,0.0,0.0,0.0,0.0,0.0,0.0,0.0,0.0,-0.03628161656013698,1.264706492127874,1.5541156211958878,0.07731237842963425,-0.383928297108924,-0.20819208804578954,-0.2434638134011906,0.04068509684694768,-0.04965846328766492,-1.1606573916397336,1.3278504679971275,-0.5680247909390704,-0.1560006026332056,0.24176798342950187
159,0.0,0.0,0.0,0.0,0.0,0.0,0.0,0.0,0.0,0.0,0.0,0.0,0.0,0.0,0.0,0.0,0.0,0.0,-0.030379999761712437,1.2799152650894394,1.551675635429226,0.19794912867278214,-0.40810148887378134,-0.23749151913109487,-0.2680071677840282,0.040928096580083416,-0.046326813597457744,-1.1665937940822344,1.3240900830520002,-0.561057142013361,-0.15604439884375157,0.24057224617753453
160,0.0,0.0,0.0,0.0,0.0,0.0,0.0,0.0,0.0,0.0,0.0,0.0,0.0,0.0,0.0,0.0,0.0,0.0,-0.027531157502288402,1.2682608141357774,1.5526553299560315,0.27638520570315134,-0.35042294675118313,-0.28700568863579884,-0.25737246470846686,0.04102507878006005,-0.042877369631629025,-1.1734140136582019,1.32012841047219,-0.5518687213536962,-0.1564216918131478,0.23867756133498358
161,0.0,0.0,0.0,0.0,0.0,0.0,0.0,0.0,0.0,0.0,0.0,0.0,0.0,0.0,0.0,0.0,0.0,0.0,-0.02982528330053131,1.2883318036494726,1.5536261737524841,0.3724260004979185,-0.3036026863538726,-0.2634056045448537,-0.22649617213472856,0.040547405416426215,-0.05145918598238565,-1.1848984757795853,1.3182034015137074,-0.5193237281124807,-0.156557736221069,0.2409833055761899
162,0.0,0.0,0.0,0.0,0.0,0.0,0.0,0.0,0.0,0.0,0.0,0.0,0.0,0.0,0.0,0.0,0.0,0.0,-0.030916239748309534,1.2982365077016196,1.5551307166720385,0.4480287611587238,-0.3336966142072899,-0.2534951393814781,-0.25483234864588894,0.04040850197427693,-0.05002484263265715,-1.1934581293038506,1.3126712416684663,-0.5172979523073225,-0.15545329610526482,0.24239781757141465
163,0.0,0.0,0.0,0.0,0.0,0.0,0.0,0.0,0.0,0.0,0.0,0.0,0.0,0.0,0.0,0.0,0.0,0.0,-0.028719982641267072,1.323897088974204,1.5542714826521886,0.5518144900405226,-0.40946794488959537,-0.24120028782415542,-0.32838319754148426,0.040440986909225075,-0.04656160187858908,-1.20086921963713,1.3084515126245033,-0.5144269523914431,-0.1555615636894241,0.24254207172230854
164,0.0,0.0,0.0,0.0,0.0,0.0,0.0,0.0,0.0,0.0,0.0,0.0,0.0,0.0,0.0,0.0,0.0,0.0,-0.02487832444698393,1.3090951022345174,1.556546627416727,0.6310600093212646,-0.430988268388096,-0.2563775854054798,-0.34143850063860415,0.040285881817554756,-0.0435669871929337,-1.2087118498684128,1.3048757199730563,-0.5100518134008658,-0.1561473168269575,0.24157246555087222
165,0.0,0.0,0.0,0.0,0.0,0.0,0.0,0.0,0.0,0.0,0.0,0.0,0.0,0.0,0.0,0.0,0.0,0.0,-0.03572159476183665,1.2851732927210677,1.554526640829392,0.6889641912466298,-0.4860373848000278,-0.22932448894774335,-0.42272977684015983,0.04042217982777047,-0.03011099058782899,-1.2146237958879367,1.2964210484058367,-0.5493559053693573,-0.15489066817076894,0.24301672981768044
166,0.0,0.0,0.0,0.0,0.0,0.0,0.0,0.0,0.0,0.0,0.0,0.0,0.0,0.0,0.0,0.0,0.0,0.0,-0.022935707841595026,1.2525075470971927,1.5563421181494699,0.7396979947716352,-0.5571109470333391,-0.1934123828761598,-0.44555120843462304,0.04021542240857593,-0.029592694667626658,-1.227066257051885,1.2926362161698544,-0.5056672021011321,-0.1615282786327391,0.23646109519485947
167,0.0,0.0,0.0,0.0,0.0,0.0,0.0,0.0,0.0,0.0,0.0,0.0,0.0,0.0,0.0,0.0,0.0,0.0,-0.020332491699500695,1.1597435451355214,1.5656248351433317,0.7123460838551157,-0.504213677837186,-0.20456696438545352,-0.4144463692866414,0.03932250398089296,-0.038534472140871454,-1.2260068137628513,1.3065729401519852,-0.5838536460763555,-0.15542996936261833,0.26482444510478936
168,0.0,0.0,0.0,0.0,0.0,0.0,0.0,0.0,0.0,0.0,0.0,0.0,0.0,0.0,0.0,0.0,0.0,0.0,-0.013434809342725514,1.1137193563797236,1.5587700723570175,0.7533382147311836,-0.5001939167754557,-0.2135283384177281,-0.4322342431821274,0.037308795864318275,-0.04169374648261079,-1.222871421206973,1.312365945532619,-0.6115536298735688,-0.15588436508933368,0.2540401959257378
169,0.0,0.0,0.0,0.0,0.0,0.0,0.0,0.0,0.0,0.0,0.0,0.0,0.0,0.0,0.0,0.0,0.0,0.0,-0.011185099808674909,1.0744631837838594,1.5615779429966412,0.7543146632078931,-0.5017610266435183,-0.1896713730650057,-0.412297497125629,0.036798857268453236,-0.04258890146925757,-1.2185951304779572,1.3159869838738218,-0.6057944064866173,-0.1568894827853805,0.25089493510088146
170,0.0,0.0,0.0,0.0,0.0,0.0,0.0,0.0,0.0,0.0,0.0,0.0,0.0,0.0,0.0,0.0,0.0,0.0,-0.007333283730130606,1.0150048630879733,1.5623370018525984,0.7353453026273922,-0.5293275751251416,-0.17938278325185533,-0.44193192052217634,0.03704834858237507,-0.040713819646079244,-1.2130608393444848,1.3176901296173895,-0.6029477770396354,-0.1571888587069071,0.24764387051651668
171,0.0,0.0,0.0,0.0,0.0,0.0,0.0,0.0,0.0,0.0,0.0,0.0,0.0,0.0,0.0,0.0,0.0,0.0,-0.004930042675841379,0.9515816560525102,1.5637222945930875,0.7465562414374105,-0.5432616132780517,-0.16763156886723884,-0.46177064608173307,0.037346955078091305,-0.04033130852977106,-1.208603371878014,1.3186837768959565,-0.6005553293926189,-0.15724788605238432,0.24630428630544168
172,0.0,0.0,0.0,0.0,0.0,0.0,0.0,0.0,0.0,0.0,0.0,0.0,0.0,0.0,0.0,0.0,0.0,0.0,-0.0064183097658515,0.92683609047409,1.5654430993727622,0.8186791675931695,-0.47563403374019037,-0.19117807979710613,-0.4620758077509719,0.03762761656276432,-0.040538798496821245,-1.2049741919309593,1.319384674666081,-0.5990544010851686,-0.15716776694178242,0.2461130038067404
173,0.0,0.0,0.0,0.0,0.0,0.0,0.0,0.0,0.0,0.0,0.0,0.0,0.0,0.0,0.0,0.0,0.0,0.0,-0.0016757572577582817,0.8630812529586014,1.5680547509861573,0.8281495917772893,-0.5337222901378207,-0.15280369143526323,-0.4952518306047602,0.03794893507191024,-0.04031979463045274,-1.2038617545483832,1.3179517917968224,-0.5854185989012038,-0.15731135991996967,0.24347297967562964
174,0.0,0.0,0.0,0.0,0.0,0.0,0.0,0.0,0.0,0.0,0.0,0.0,0.0,0.0,0.0,0.0,0.0,0.0,-0.0033632262311820904,0.8424877004590007,1.5675651230062342,0.8697850389291683,-0.5516750160939016,-0.13711017401676823,-0.5121563415692834,0.03922810161212125,-0.020546836732795656,-1.204866484682316,1.3042065677497439,-0.5736937827339168,-0.15721987835511209,0.23259112394022746
175,0.0,0.0,0.0,0.0,0.0,0.0,0.0,0.0,0.0,0.0,0.0,0.0,0.0,0.0,0.0,0.0,0.0,0.0,-0.00048721449583340615,0.7808167886424422,1.5607928798868331,0.8273168928061655,-0.6460406041123039,-0.09152418863049261,-0.49449991684616795,0.040276729299823816,-0.020279842192268017,-1.2140472234873345,1.300113696863894,-0.5346331430780723,-0.162793212775528,0.22956211918131622
176,0.0,0.0,0.0,0.0,0.0,0.0,0.0,0.0,0.0,0.0,0.0,0.0,0.0,0.0,0.0,0.0,0.0,0.0,0.010552679587390038,0.7202230627331424,1.5494479596363788,0.845131342000318,-0.6803668720315762,-0.08607873203088504,-0.5209178713849103,0.04088042257216369,-0.00937542101803452,-1.2230887910791333,1.2894486229652264,-0.5266391048371257,-0.16064419696928448,0.22734976085888386
177,0.0,0.0,0.0,0.0,0.0,0.0,0.0,0.0,0.0,0.0,0.0,0.0,0.0,0.0,0.0,0.0,0.0,0.0,0.010720693871573886,0.7000933314068236,1.5588526739163424,0.9051588887462488,-0.6078130702572186,-0.08615253767552164,-0.5259025483560025,0.04056247510654246,-0.014727509149420925,-1.2342179628045598,1.2888301972982648,-0.5036331051816293,-0.16153945552038435,0.23003681149357652
178,0.0,0.0,0.0,0.0,0.0,0.0,0.0,0.0,0.0,0.0,0.0,0.0,0.0,0.0,0.0,0.0,0.0,0.0,0.008130734940571014,0.6440109663642071,1.568505416697596,1.0071004123305467,-0.4791557730171981,-0.11080632811850903,-0.5151524510221273,0.04008557173978902,-0.012677975975223788,-1.2350450627376066,1.2933539145197277,-0.5509429009484083,-0.16011691614690898,0.2352669931887602
179,0.0,0.0,0.0,0.0,0.0,0.0,0.0,0.0,0.0,0.0,0.0,0.0,0.0,0.0,0.0,0.0,0.0,0.0,0.007811176092071673,0.6053519122579287,1.566846668287913,1.0635809033809043,-0.4273753876653885,-0.11255517549051308,-0.504640007200387,0.039102785724322166,-0.003583811616309003,-1.2278054430993404,1.2983615893961882,-0.6417893761495166,-0.1579605897912351,0.24102979920963988
180,0.0,0.0,0.0,0.0,0.0,0.0,0.0,0.0,0.0,0.0,0.0,0.0,0.0,0.0,0.0,0.0,0.0,0.0,0.00980809913532088,0.5485810696342759,1.5569210221747445,1.0986682614075276,-0.34270447035911616,-0.11633654862939634,-0.4859241660587558,0.03797853624616045,-0.007546268645136732,-1.2203160576419547,1.3109478339348557,-0.6664073637471981,-0.16326370177817903,0.2393986190950519
181,0.0,0.0,0.0,0.0,0.0,0.0,0.0,0.0,0.0,0.0,0.0,0.0,0.0,0.0,0.0,0.0,0.0,0.0,0.012299518491940385,0.47961646578789263,1.5425931203223937,1.1292359160993655,-0.24986200979495882,-0.12378003663230895,-0.46322696006894354,0.03772372136916742,-0.005422985871141497,-1.2109433629826605,1.3171265964351815,-0.6585019745310741,-0.16391993874625688,0.23103471674215503
182,0.0,0.0,0.0,0.0,0.0,0.0,0.0,0.0,0.0,0.0,0.0,0.0,0.0,0.0,0.0,0.0,0.0,0.0,0.015320733772072784,0.40371336598808766,1.520281100587255,1.1351745314949038,-0.1587980920637031,-0.127143220404554,-0.4384739336442599,0.03802814473817144,-0.004064925019713966,-1.2008204019689661,1.3206989621792797,-0.6571171811287727,-0.16382688932712391,0.2271552371196045
183,0.0,0.0,0.0,0.0,0.0,0.0,0.0,0.0,0.0,0.0,0.0,0.0,0.0,0.0,0.0,0.0,0.0,0.0,0.017469291507085996,0.3559431405517814,1.509904756627093,1.149914241430337,-0.10293476993299697,-0.13416689885544472,-0.4242727331794372,0.039451964711696166,0.012132579366477013,-1.20384092379949,1.301861704957442,-0.5873475435032759,-0.16557475036804242,0.20851299065747006
184,0.0,0.0,0.0,0.0,0.0,0.0,0.0,0.0,0.0,0.0,0.0,0.0,0.0,0.0,0.0,0.0,0.0,0.0,0.018292524465161705,0.3110258749369406,1.4959901214702056,1.1757285030468976,0.005033380953892792,-0.13171658932094954,-0.4042625606874181,0.040577737003747234,0.003757800819948762,-1.207397094366408,1.304889768382451,-0.6233616425157817,-0.16279459647440211,0.2359752588274788
185,0.0,0.0,0.0,0.0,0.0,0.0,0.0,0.0,0.0,0.0,0.0,0.0,0.0,0.0,0.0,0.0,0.0,0.0,0.020070976339902007,0.2620183649117699,1.4733757540861787,1.169341587389597,0.13207204065418354,-0.12270046219932257,-0.39742038492099835,0.03993504971620732,0.001023049810736401,-1.2069981000473795,1.3089053849592764,-0.6146748029645168,-0.1633722165282388,0.22375981861911037
186,0.0,0.0,0.0,0.0,0.0,0.0,0.0,0.0,0.0,0.0,0.0,0.0,0.0,0.0,0.0,0.0,0.0,0.0,0.021759409055824616,0.21592999532801826,1.45589208573749,1.1730190603530302,0.23880815833773403,-0.11827544027360751,-0.38747994153850823,0.0399010769659559,0.003983504690219793,-1.2027185168232248,1.3108471819398746,-0.6099170615896878,-0.16385067909798215,0.21923379180401592
187,0.0,0.0,0.0,0.0,0.0,0.0,0.0,0.0,0.0,0.0,0.0,0.0,0.0,0.0,0.0,0.0,0.0,0.0,0.022511199671879353,0.17726571797048152,1.4409228571196564,1.17531374880465,0.320666319926845,-0.12190399136432754,-0.37556424402738026,0.04024887944676549,0.011551433380004233,-1.2019815535196834,1.304672369277044,-0.6152100091254303,-0.1627605979226362,0.21686271334085572
188,0.0,0.0,0.0,0.0,0.0,0.0,0.0,0.0,0.0,0.0,0.0,0.0,0.0,0.0,0.0,0.0,0.0,0.0,0.024200907775396182,0.1369533569308909,1.4279878637518866,1.1745452797056835,0.3307632445783393,-0.13014605261468098,-0.3546032565244808,0.04079332228948906,0.010658656265424945,-1.2037066517477835,1.3055042412906397,-0.5882504687452803,-0.16452336205919277,0.2133847273545837
189,0.0,0.0,0.0,0.0,0.0,0.0,0.0,0.0,0.0,0.0,0.0,0.0,0.0,0.0,0.0,0.0,0.0,0.0,0.024565090428660473,0.14673346059358505,1.4292409289830568,1.2138807212951594,0.31793937170644904,-0.13984377015355454,-0.34504356325412194,0.04091522864527921,0.01224232086910681,-1.2005391394953369,1.3082590848173863,-0.6129379299413407,-0.1645158878305285,0.215440198341323
190,0.0,0.0,0.0,0.0,0.0,0.0,0.0,0.0,0.0,0.0,0.0,0.0,0.0,0.0,0.0,0.0,0.0,0.0,0.02505609917747462,0.1104753424117649,1.408682609004893,1.2017901054267188,0.4063702656279271,-0.1365794179709154,-0.3355894595718668,0.04057166940095624,0.01128420551572673,-1.1986884321516516,1.3102782470658405,-0.6097896918900232,-0.16486708523555313,0.21400637675241926
191,0.0,0.0,0.0,0.0,0.0,0.0,0.0,0.0,0.0,0.0,0.0,0.0,0.0,0.0,0.0,0.0,0.0,0.0,0.027048464998583984,0.09444722728767735,1.3982022051532126,1.2277865096329024,0.40664022129784133,-0.14651409548533761,-0.3165246609735379,0.04056580897618779,0.01015708923123767,-1.1960643308825045,1.3117319180286704,-0.6092988348313884,-0.16477480987011342,0.21409273343278468
192,0.0,0.0,0.0,0.0,0.0,0.0,0.0,0.0,0.0,0.0,0.0,0.0,0.0,0.0,0.0,0.0,0.0,0.0,0.027509104985111485,0.08288515791596436,1.384122729010654,1.2449279760595278,0.4215196323565563,-0.15243767897302582,-0.3001756349239284,0.040866728668654845,0.013454807385247241,-1.1928915149225434,1.311374604299345,-0.6047774222210279,-0.1648284873229059,0.21016261170745412
193,0.0,0.0,0.0,0.0,0.0,0.0,0.0,0.0,0.0,0.0,0.0,0.0,0.0,0.0,0.0,0.0,0.0,0.0,0.028571255869513926,0.06697147628819011,1.3447708244667949,1.2613203408370495,0.5096987401542699,-0.14908289599264318,-0.28731832258496415,0.041162298515128516,0.01412653747753504,-1.1920947779167326,1.3104794902841022,-0.5973934243950713,-0.16524716318026397,0.20884802181412124
194,0.0,0.0,0.0,0.0,0.0,0.0,0.0,0.0,0.0,0.0,0.0,0.0,0.0,0.0,0.0,0.0,0.0,0.0,0.030897351210471227,0.031492103624008234,1.3073992016319052,1.249039386191205,0.6166314726535084,-0.1408238413448668,-0.2823647608090764,0.041459852633303,0.0150787543042355,-1.1919014972635755,1.3092383282983617,-0.5909750396148121,-0.16533778295681895,0.20775879084813847
195,0.0,0.0,0.0,0.0,0.0,0.0,0.0,0.0,0.0,0.0,0.0,0.0,0.0,0.0,0.0,0.0,0.0,0.0,0.03407034562000953,0.024519194575651142,1.298126351286498,1.2768562955171727,0.598565562948818,-0.15571389659996557,-0.26561360299731523,0.04157189524535835,0.014177449032540859,-1.1926071489375385,1.3086505448776018,-0.590261105867258,-0.16460231962192237,0.20920039927588108
196,0.0,0.0,0.0,0.0,0.0,0.0,0.0,0.0,0.0,0.0,0.0,0.0,0.0,0.0,0.0,0.0,0.0,0.0,0.03343427050869923,0.021951343870493183,1.2658674175385562,1.2962836391089154,0.6662893278981024,-0.15533939057231141,-0.2586449204721015,0.04173191017080159,0.016396266545586458,-1.1921918664620652,1.307985135340277,-0.589475900334425,-0.16498176533345935,0.2074760327252794
197,0.0,0.0,0.0,0.0,0.0,0.0,0.0,0.0,0.0,0.0,0.0,0.0,0.0,0.0,0.0,0.0,0.0,0.0,0.034549592818781026,0.01718212173126984,1.2336704552274804,1.312568020522347,0.6698147918240277,-0.16101465957247943,-0.24407720152185472,0.041878415622460044,0.018349743134736092,-1.1911408599068665,1.3079463784052854,-0.5931731837514929,-0.16480973085121037,0.20682164141745385
198,0.0,0.0,0.0,0.0,0.0,0.0,0.0,0.0,0.0,0.0,0.0,0.0,0.0,0.0,0.0,0.0,0.0,0.0,0.03635538149052437,0.007298345147867268,1.1911549253113018,1.330736527780932,0.7544584502913941,-0.16193585788408282,-0.24135050646808548,0.0409809170141019,0.0077557962120638636,-1.1934170653792013,1.3109897460803077,-0.6372375169498766,-0.1630587507085645,0.2306799548441686
199,0.0,0.0,0.0,0.0,0.0,0.0,0.0,0.0,0.0,0.0,0.0,0.0,0.0,0.0,0.0,0.0,0.0,0.0,0.03751951320977897,0.003458560193627532,1.1796085223331347,1.3329614015747508,0.7107985810153838,-0.16891089447430938,-0.2267356549272755,0.04117479529988063,0.02030269343307853,-1.1947323246233004,1.304129230512233,-0.628460814502271,-0.16371209512334337,0.21179880836696394
200,0.0,0.0,0.0,0.0,0.0,0.0,0.0,0.0,0.0,0.0,0.0,0.0,0.0,0.0,0.0,0.0,0.0,0.0,0.03897556332127661,-0.003047026461438328,1.1681938398786724,1.3327209589512414,0.7003159810619877,-0.1668277671878272,-0.22102711132801267,0.041577085362297005,0.019766400325657116,-1.1959129174167797,1.3069723127640456,-0.6093788843248996,-0.16778179533045373,0.2089301922390549
201,0.0,0.0,0.0,0.0,0.0,0.0,0.0,0.0,0.0,0.0,0.0,0.0,0.0,0.0,0.0,0.0,0.0,0.0,0.0401285575409461,-0.008941555860978351,1.1392531197900337,1.3390629465180657,0.7025906998852486,-0.1664683592035434,-0.21220451515069882,0.04166462158119009,0.021881763643622685,-1.1948731022140162,1.3081417636181558,-0.6066143992009084,-0.1666429751117533,0.20637069147957515
202,0.0,0.0,0.0,0.0,0.0,0.0,0.0,0.0,0.0,0.0,0.0,0.0,0.0,0.0,0.0,0.0,0.0,0.0,0.04167510782205701,-0.01547206112323195,1.129430375424341,1.3388218752548464,0.7084489576011591,-0.16718771062223378,-0.20931884460141517,0.041398066350061574,0.02003792914216986,-1.1940443726464203,1.309443024208821,-0.6075806115675229,-0.1661226300627354,0.20726268716909196
